Datetime,azimuth
2018-10-10T23:00:03.935097Z,354.03955099999996
2018-10-10T23:00:04.174097Z,1.13205
2018-10-10T23:00:04.390097Z,356.47900400000003
2018-10-10T23:00:04.588097Z,356.28662099999997
2018-10-10T23:00:04.778097Z,358.268158
2018-10-10T23:00:04.995097Z,0.56958
2018-10-10T23:00:05.197097Z,357.065796
2018-10-10T23:00:05.397097Z,356.91171299999996
2018-10-10T23:00:05.595097Z,357.76178
2018-10-10T23:00:05.794097Z,0.088776
2018-10-10T23:00:05.985097Z,5.0540769999999995
2018-10-10T23:00:06.201097Z,4.371155
2018-10-10T23:00:06.406097Z,2.4776
2018-10-10T23:00:06.597097Z,3.145844
2018-10-10T23:00:06.776097Z,0.6072390000000001
2018-10-10T23:00:06.993097Z,354.80542
2018-10-10T23:00:07.194097Z,342.79013100000003
2018-10-10T23:00:07.397097Z,348.44775400000003
2018-10-10T23:00:07.595097Z,352.515717
2018-10-10T23:00:07.801097Z,0.0
2018-10-10T23:00:07.997097Z,0.0
2018-10-10T23:00:08.196097Z,82.335083
2018-10-10T23:00:08.390097Z,89.90295400000001
2018-10-10T23:00:08.597097Z,74.60202
2018-10-10T23:00:08.804097Z,52.465790000000005
2018-10-10T23:00:08.976097Z,30.729065000000002
2018-10-10T23:00:09.198097Z,1.204651
2018-10-10T23:00:09.398097Z,331.583832
2018-10-10T23:00:09.597097Z,308.57806400000004
2018-10-10T23:00:09.792097Z,293.456696
2018-10-10T23:00:09.988097Z,286.033813
2018-10-10T23:00:10.192097Z,279.324585
2018-10-10T23:00:10.387097Z,268.821442
2018-10-10T23:00:10.589097Z,258.278992
2018-10-10T23:00:10.802097Z,257.605835
2018-10-10T23:00:10.997097Z,260.352753
2018-10-10T23:00:11.204097Z,257.837891
2018-10-10T23:00:11.389097Z,258.994995
2018-10-10T23:00:11.591097Z,257.03775
2018-10-10T23:00:11.778097Z,255.158096
2018-10-10T23:00:11.978097Z,259.701385
2018-10-10T23:00:12.198097Z,271.848175
2018-10-10T23:00:12.395097Z,280.127838
2018-10-10T23:00:12.596097Z,279.725098
2018-10-10T23:00:12.792097Z,278.4198
2018-10-10T23:00:12.990097Z,276.587494
2018-10-10T23:00:13.200097Z,272.624237
2018-10-10T23:00:13.397097Z,262.262268
2018-10-10T23:00:13.599097Z,254.56774900000002
2018-10-10T23:00:13.804097Z,250.56309500000003
2018-10-10T23:00:14.002097Z,245.683075
2018-10-10T23:00:14.192097Z,242.546875
2018-10-10T23:00:14.395097Z,238.5681
2018-10-10T23:00:14.616097Z,232.09838900000003
2018-10-10T23:00:14.791097Z,224.69656400000002
2018-10-10T23:00:15.027097Z,220.499786
2018-10-10T23:00:15.197097Z,221.93920899999998
2018-10-10T23:00:15.401097Z,220.786179
2018-10-10T23:00:15.597097Z,220.140823
2018-10-10T23:00:15.804097Z,219.83342000000002
2018-10-10T23:00:16.000097Z,217.72593700000002
2018-10-10T23:00:16.199097Z,213.371094
2018-10-10T23:00:16.393097Z,211.12618999999998
2018-10-10T23:00:16.597097Z,209.85362200000003
2018-10-10T23:00:16.793097Z,210.57267799999997
2018-10-10T23:00:16.998097Z,212.89076200000002
2018-10-10T23:00:17.194097Z,215.76501499999998
2018-10-10T23:00:17.400097Z,216.55204799999998
2018-10-10T23:00:17.597097Z,216.67709399999998
2018-10-10T23:00:17.822097Z,212.428391
2018-10-10T23:00:18.000097Z,210.215332
2018-10-10T23:00:18.204097Z,209.86514300000002
2018-10-10T23:00:18.402097Z,211.972275
2018-10-10T23:00:18.595097Z,216.651886
2018-10-10T23:00:18.796097Z,222.20846600000002
2018-10-10T23:00:18.993097Z,225.341644
2018-10-10T23:00:19.223097Z,226.247009
2018-10-10T23:00:19.383097Z,225.501907
2018-10-10T23:00:19.603097Z,228.539902
2018-10-10T23:00:19.801097Z,229.146973
2018-10-10T23:00:20.002097Z,229.45667999999998
2018-10-10T23:00:20.184097Z,228.05822799999999
2018-10-10T23:00:20.384097Z,224.183716
2018-10-10T23:00:20.585097Z,218.969437
2018-10-10T23:00:20.805097Z,211.206802
2018-10-10T23:00:21.004097Z,204.789307
2018-10-10T23:00:21.205097Z,203.880737
2018-10-10T23:00:21.402097Z,203.872604
2018-10-10T23:00:21.600097Z,201.620621
2018-10-10T23:00:21.807097Z,201.112167
2018-10-10T23:00:22.007097Z,192.80879199999998
2018-10-10T23:00:22.204097Z,178.261597
2018-10-10T23:00:22.400097Z,158.717102
2018-10-10T23:00:22.605097Z,143.766876
2018-10-10T23:00:22.805097Z,134.828674
2018-10-10T23:00:22.988097Z,125.155579
2018-10-10T23:00:23.234097Z,118.06188999999999
2018-10-10T23:00:23.429097Z,111.45071399999999
2018-10-10T23:00:23.632097Z,105.93081699999999
2018-10-10T23:00:23.832097Z,102.101959
2018-10-10T23:00:23.989097Z,98.402863
2018-10-10T23:00:24.234097Z,94.66216999999999
2018-10-10T23:00:24.434097Z,91.28244000000001
2018-10-10T23:00:24.590097Z,86.30947900000001
2018-10-10T23:00:24.802097Z,81.501923
2018-10-10T23:00:25.033097Z,78.313416
2018-10-10T23:00:25.236097Z,76.243927
2018-10-10T23:00:25.433097Z,77.145142
2018-10-10T23:00:25.627097Z,79.040741
2018-10-10T23:00:25.835097Z,80.509186
2018-10-10T23:00:26.002097Z,83.023285
2018-10-10T23:00:26.207097Z,83.353546
2018-10-10T23:00:26.406097Z,84.225037
2018-10-10T23:00:26.606097Z,84.727386
2018-10-10T23:00:26.804097Z,86.03744499999999
2018-10-10T23:00:26.996097Z,91.05947900000001
2018-10-10T23:00:27.208097Z,90.598663
2018-10-10T23:00:27.415097Z,89.928589
2018-10-10T23:00:27.611097Z,82.005798
2018-10-10T23:00:27.817097Z,67.10928299999999
2018-10-10T23:00:27.999097Z,51.513884999999995
2018-10-10T23:00:28.244097Z,36.478271
2018-10-10T23:00:28.407097Z,20.50528
2018-10-10T23:00:28.605097Z,6.595428
2018-10-10T23:00:28.811097Z,355.834412
2018-10-10T23:00:29.010097Z,350.14563
2018-10-10T23:00:29.211097Z,346.855103
2018-10-10T23:00:29.411097Z,343.505737
2018-10-10T23:00:29.609097Z,342.132111
2018-10-10T23:00:29.792097Z,340.574432
2018-10-10T23:00:29.992097Z,338.367004
2018-10-10T23:00:30.208097Z,337.96810899999997
2018-10-10T23:00:30.413097Z,343.39163199999996
2018-10-10T23:00:30.614097Z,352.096313
2018-10-10T23:00:30.793097Z,2.613403
2018-10-10T23:00:31.010097Z,9.12738
2018-10-10T23:00:31.209097Z,14.242095999999998
2018-10-10T23:00:31.412097Z,18.732269
2018-10-10T23:00:31.613097Z,24.39325
2018-10-10T23:00:31.811097Z,31.834869
2018-10-10T23:00:32.006097Z,43.350311
2018-10-10T23:00:32.214097Z,61.949127000000004
2018-10-10T23:00:32.415097Z,83.819885
2018-10-10T23:00:32.607097Z,103.027893
2018-10-10T23:00:32.806097Z,116.250092
2018-10-10T23:00:33.007097Z,126.413177
2018-10-10T23:00:33.210097Z,137.382629
2018-10-10T23:00:33.415097Z,149.934814
2018-10-10T23:00:33.615097Z,158.11731
2018-10-10T23:00:33.818097Z,162.63720700000002
2018-10-10T23:00:34.014097Z,167.57214399999998
2018-10-10T23:00:34.215097Z,175.02563500000002
2018-10-10T23:00:34.415097Z,178.579163
2018-10-10T23:00:34.610097Z,180.545074
2018-10-10T23:00:34.815097Z,180.414001
2018-10-10T23:00:34.997097Z,180.773621
2018-10-10T23:00:35.211097Z,180.76251200000002
2018-10-10T23:00:35.415097Z,183.616135
2018-10-10T23:00:35.612097Z,186.809418
2018-10-10T23:00:35.812097Z,190.830856
2018-10-10T23:00:36.016097Z,194.800858
2018-10-10T23:00:36.213097Z,204.47735600000001
2018-10-10T23:00:36.416097Z,209.512131
2018-10-10T23:00:36.616097Z,211.763596
2018-10-10T23:00:36.831097Z,210.67314100000002
2018-10-10T23:00:37.013097Z,208.484482
2018-10-10T23:00:37.213097Z,208.51593
2018-10-10T23:00:37.412097Z,208.94491599999998
2018-10-10T23:00:37.617097Z,211.778931
2018-10-10T23:00:37.817097Z,212.93090800000002
2018-10-10T23:00:38.017097Z,211.399277
2018-10-10T23:00:38.214097Z,209.460571
2018-10-10T23:00:38.418097Z,205.577087
2018-10-10T23:00:38.688097Z,201.123718
2018-10-10T23:00:38.808097Z,196.63253799999998
2018-10-10T23:00:39.015097Z,192.520142
2018-10-10T23:00:39.214097Z,190.993866
2018-10-10T23:00:39.413097Z,191.944641
2018-10-10T23:00:39.641097Z,199.91665600000002
2018-10-10T23:00:39.814097Z,208.100449
2018-10-10T23:00:40.011097Z,213.022141
2018-10-10T23:00:40.218097Z,218.701614
2018-10-10T23:00:40.419097Z,220.041489
2018-10-10T23:00:40.614097Z,215.54124500000003
2018-10-10T23:00:40.817097Z,208.399704
2018-10-10T23:00:41.017097Z,203.121368
2018-10-10T23:00:41.230097Z,200.874191
2018-10-10T23:00:41.418097Z,199.917709
2018-10-10T23:00:41.611097Z,196.500504
2018-10-10T23:00:41.815097Z,191.678055
2018-10-10T23:00:42.001097Z,178.84491
2018-10-10T23:00:42.221097Z,161.965576
2018-10-10T23:00:42.419097Z,147.187195
2018-10-10T23:00:42.621097Z,132.68502800000002
2018-10-10T23:00:42.819097Z,121.777557
2018-10-10T23:00:43.002097Z,115.40908799999998
2018-10-10T23:00:43.223097Z,112.70776399999998
2018-10-10T23:00:43.420097Z,112.705505
2018-10-10T23:00:43.640097Z,117.075623
2018-10-10T23:00:43.803097Z,122.656769
2018-10-10T23:00:44.003097Z,131.386902
2018-10-10T23:00:44.214097Z,145.172943
2018-10-10T23:00:44.416097Z,161.321228
2018-10-10T23:00:44.616097Z,186.091309
2018-10-10T23:00:44.822097Z,206.58836399999998
2018-10-10T23:00:45.017097Z,215.11412
2018-10-10T23:00:45.223097Z,220.346771
2018-10-10T23:00:45.422097Z,227.252548
2018-10-10T23:00:45.616097Z,228.339417
2018-10-10T23:00:45.825097Z,227.164429
2018-10-10T23:00:46.020097Z,222.970749
2018-10-10T23:00:46.220097Z,219.71850600000002
2018-10-10T23:00:46.415097Z,221.176193
2018-10-10T23:00:46.623097Z,218.76135299999999
2018-10-10T23:00:46.819097Z,215.590775
2018-10-10T23:00:47.020097Z,218.60319500000003
2018-10-10T23:00:47.223097Z,223.780258
2018-10-10T23:00:47.425097Z,230.224625
2018-10-10T23:00:47.624097Z,234.393143
2018-10-10T23:00:47.825097Z,246.790604
2018-10-10T23:00:48.008097Z,265.177551
2018-10-10T23:00:48.226097Z,279.663788
2018-10-10T23:00:48.422097Z,285.297211
2018-10-10T23:00:48.621097Z,286.323242
2018-10-10T23:00:48.822097Z,288.059998
2018-10-10T23:00:49.022097Z,285.59576400000003
2018-10-10T23:00:49.221097Z,284.037537
2018-10-10T23:00:49.416097Z,277.340698
2018-10-10T23:00:49.622097Z,274.134949
2018-10-10T23:00:49.822097Z,274.02252200000004
2018-10-10T23:00:50.021097Z,275.848175
2018-10-10T23:00:50.224097Z,276.042755
2018-10-10T23:00:50.426097Z,274.97427400000004
2018-10-10T23:00:50.626097Z,272.616577
2018-10-10T23:00:50.827097Z,267.721344
2018-10-10T23:00:51.024097Z,264.044678
2018-10-10T23:00:51.213097Z,260.770721
2018-10-10T23:00:51.427097Z,257.43927
2018-10-10T23:00:51.623097Z,254.980515
2018-10-10T23:00:51.822097Z,251.41953999999998
2018-10-10T23:00:52.089097Z,251.139969
2018-10-10T23:00:52.246097Z,249.76013199999997
2018-10-10T23:00:52.446097Z,248.14425699999998
2018-10-10T23:00:52.651097Z,241.088593
2018-10-10T23:00:52.853097Z,236.228073
2018-10-10T23:00:53.140097Z,236.739517
2018-10-10T23:00:53.222097Z,243.51886000000002
2018-10-10T23:00:53.484097Z,247.39732400000003
2018-10-10T23:00:53.610097Z,253.819244
2018-10-10T23:00:53.861097Z,262.23526
2018-10-10T23:00:54.047097Z,268.808014
2018-10-10T23:00:54.254097Z,271.922852
2018-10-10T23:00:54.412097Z,274.57547
2018-10-10T23:00:54.627097Z,277.784393
2018-10-10T23:00:54.828097Z,283.41275
2018-10-10T23:00:55.034097Z,291.358276
2018-10-10T23:00:55.220097Z,299.076843
2018-10-10T23:00:55.432097Z,306.111298
2018-10-10T23:00:55.627097Z,308.81939700000004
2018-10-10T23:00:55.827097Z,308.98642
2018-10-10T23:00:56.031097Z,308.009949
2018-10-10T23:00:56.228097Z,309.151489
2018-10-10T23:00:56.434097Z,312.306244
2018-10-10T23:00:56.613097Z,314.147125
2018-10-10T23:00:56.904097Z,315.074829
2018-10-10T23:00:57.023097Z,317.15036000000003
2018-10-10T23:00:57.269097Z,314.986725
2018-10-10T23:00:57.427097Z,311.628662
2018-10-10T23:00:57.625097Z,308.415436
2018-10-10T23:00:57.828097Z,306.449921
2018-10-10T23:00:58.033097Z,305.64007599999997
2018-10-10T23:00:58.233097Z,304.704224
2018-10-10T23:00:58.433097Z,302.60873399999997
2018-10-10T23:00:58.633097Z,298.601318
2018-10-10T23:00:58.833097Z,294.099792
2018-10-10T23:00:59.040097Z,291.34249900000003
2018-10-10T23:00:59.229097Z,291.577789
2018-10-10T23:00:59.426097Z,293.378693
2018-10-10T23:00:59.615097Z,296.87469500000003
2018-10-10T23:00:59.825097Z,300.786438
2018-10-10T23:01:00.029097Z,301.864258
2018-10-10T23:01:00.229097Z,302.115448
2018-10-10T23:01:00.428097Z,302.2547
2018-10-10T23:01:00.632097Z,300.241333
2018-10-10T23:01:00.830097Z,300.377136
2018-10-10T23:01:01.016097Z,302.367706
2018-10-10T23:01:01.230097Z,304.452911
2018-10-10T23:01:01.466097Z,307.24560499999995
2018-10-10T23:01:01.634097Z,307.781006
2018-10-10T23:01:01.833097Z,306.512878
2018-10-10T23:01:02.030097Z,304.794189
2018-10-10T23:01:02.229097Z,301.185242
2018-10-10T23:01:02.433097Z,299.816559
2018-10-10T23:01:02.635097Z,298.577454
2018-10-10T23:01:02.836097Z,296.913391
2018-10-10T23:01:03.058097Z,297.691925
2018-10-10T23:01:03.232097Z,298.181824
2018-10-10T23:01:03.419097Z,295.957733
2018-10-10T23:01:03.632097Z,294.745026
2018-10-10T23:01:03.834097Z,294.284485
2018-10-10T23:01:04.038097Z,294.975464
2018-10-10T23:01:04.240097Z,295.84222400000004
2018-10-10T23:01:04.438097Z,296.897278
2018-10-10T23:01:04.638097Z,296.70935099999997
2018-10-10T23:01:04.838097Z,293.466248
2018-10-10T23:01:05.044097Z,291.278992
2018-10-10T23:01:05.234097Z,289.620972
2018-10-10T23:01:05.435097Z,290.736267
2018-10-10T23:01:05.634097Z,293.193878
2018-10-10T23:01:05.835097Z,294.993073
2018-10-10T23:01:06.033097Z,294.891235
2018-10-10T23:01:06.237097Z,294.372345
2018-10-10T23:01:06.435097Z,292.6474
2018-10-10T23:01:06.630097Z,288.57955899999996
2018-10-10T23:01:06.821097Z,285.747742
2018-10-10T23:01:07.039097Z,285.71911600000004
2018-10-10T23:01:07.234097Z,286.402252
2018-10-10T23:01:07.472097Z,284.46405
2018-10-10T23:01:07.635097Z,281.383392
2018-10-10T23:01:07.832097Z,278.230316
2018-10-10T23:01:08.037097Z,273.65002400000003
2018-10-10T23:01:08.237097Z,266.9599
2018-10-10T23:01:08.423097Z,266.93548599999997
2018-10-10T23:01:08.642097Z,266.72610499999996
2018-10-10T23:01:08.841097Z,262.768158
2018-10-10T23:01:09.043097Z,267.965332
2018-10-10T23:01:09.245097Z,270.85199
2018-10-10T23:01:09.423097Z,273.57128900000004
2018-10-10T23:01:09.638097Z,277.937225
2018-10-10T23:01:09.835097Z,283.060425
2018-10-10T23:01:10.024097Z,290.73278799999997
2018-10-10T23:01:10.241097Z,295.042023
2018-10-10T23:01:10.444097Z,297.934418
2018-10-10T23:01:10.625097Z,303.340576
2018-10-10T23:01:10.855097Z,307.907806
2018-10-10T23:01:11.042097Z,313.26767
2018-10-10T23:01:11.240097Z,322.908783
2018-10-10T23:01:11.437097Z,338.326263
2018-10-10T23:01:11.644097Z,356.648651
2018-10-10T23:01:11.844097Z,9.403839
2018-10-10T23:01:12.043097Z,17.761993
2018-10-10T23:01:12.243097Z,24.536865
2018-10-10T23:01:12.445097Z,26.446289
2018-10-10T23:01:12.646097Z,28.158081
2018-10-10T23:01:12.855097Z,27.44632
2018-10-10T23:01:13.035097Z,26.944366
2018-10-10T23:01:13.240097Z,28.582520000000002
2018-10-10T23:01:13.441097Z,29.052124
2018-10-10T23:01:13.643097Z,29.488678000000004
2018-10-10T23:01:13.840097Z,27.118744
2018-10-10T23:01:14.029097Z,17.763275
2018-10-10T23:01:14.231097Z,0.735626
2018-10-10T23:01:14.439097Z,339.319702
2018-10-10T23:01:14.633097Z,315.526276
2018-10-10T23:01:14.842097Z,297.924225
2018-10-10T23:01:15.045097Z,289.791199
2018-10-10T23:01:15.246097Z,285.699493
2018-10-10T23:01:15.438097Z,276.24899300000004
2018-10-10T23:01:15.661097Z,264.927612
2018-10-10T23:01:15.849097Z,248.680679
2018-10-10T23:01:16.030097Z,233.15614300000001
2018-10-10T23:01:16.244097Z,218.730087
2018-10-10T23:01:16.446097Z,210.854538
2018-10-10T23:01:16.645097Z,211.47261
2018-10-10T23:01:16.848097Z,212.879257
2018-10-10T23:01:17.044097Z,213.87065099999998
2018-10-10T23:01:17.309097Z,215.810333
2018-10-10T23:01:17.428097Z,220.02421600000002
2018-10-10T23:01:17.669097Z,227.48365800000002
2018-10-10T23:01:17.843097Z,239.19949300000002
2018-10-10T23:01:18.046097Z,249.631348
2018-10-10T23:01:18.248097Z,257.179169
2018-10-10T23:01:18.446097Z,265.283936
2018-10-10T23:01:18.641097Z,271.067596
2018-10-10T23:01:18.843097Z,269.00793500000003
2018-10-10T23:01:19.042097Z,264.904175
2018-10-10T23:01:19.250097Z,264.668121
2018-10-10T23:01:19.441097Z,268.794067
2018-10-10T23:01:19.643097Z,277.17193599999996
2018-10-10T23:01:19.842097Z,298.20636
2018-10-10T23:01:20.047097Z,327.15072599999996
2018-10-10T23:01:20.252097Z,352.435852
2018-10-10T23:01:20.447097Z,5.986664
2018-10-10T23:01:20.652097Z,9.212463
2018-10-10T23:01:20.850097Z,16.634216000000002
2018-10-10T23:01:21.051097Z,17.831482
2018-10-10T23:01:21.251097Z,21.917603
2018-10-10T23:01:21.447097Z,23.177979
2018-10-10T23:01:21.643097Z,29.197845
2018-10-10T23:01:21.878097Z,32.22702
2018-10-10T23:01:22.046097Z,31.336975
2018-10-10T23:01:22.253097Z,27.721252000000003
2018-10-10T23:01:22.455097Z,25.106476
2018-10-10T23:01:22.666097Z,23.828308
2018-10-10T23:01:22.877097Z,25.092102
2018-10-10T23:01:23.033097Z,25.872803
2018-10-10T23:01:23.288097Z,29.791228999999998
2018-10-10T23:01:23.473097Z,36.73288
2018-10-10T23:01:23.676097Z,40.011749
2018-10-10T23:01:23.834097Z,43.152283000000004
2018-10-10T23:01:24.040097Z,42.099457
2018-10-10T23:01:24.278097Z,42.013062
2018-10-10T23:01:24.434097Z,38.716460999999995
2018-10-10T23:01:24.635097Z,35.397827
2018-10-10T23:01:24.852097Z,28.636809999999997
2018-10-10T23:01:25.053097Z,18.081879
2018-10-10T23:01:25.250097Z,4.435791
2018-10-10T23:01:25.516097Z,350.987183
2018-10-10T23:01:25.647097Z,340.550446
2018-10-10T23:01:25.878097Z,331.38363599999997
2018-10-10T23:01:26.060097Z,324.576141
2018-10-10T23:01:26.236097Z,314.753113
2018-10-10T23:01:26.437097Z,309.86676
2018-10-10T23:01:26.656097Z,311.61483799999996
2018-10-10T23:01:26.853097Z,313.277954
2018-10-10T23:01:27.109097Z,311.35784900000004
2018-10-10T23:01:27.251097Z,313.56106600000004
2018-10-10T23:01:27.453097Z,310.417908
2018-10-10T23:01:27.652097Z,300.370392
2018-10-10T23:01:27.852097Z,295.936584
2018-10-10T23:01:28.056097Z,288.12933300000003
2018-10-10T23:01:28.247097Z,271.463196
2018-10-10T23:01:28.455097Z,261.560181
2018-10-10T23:01:28.653097Z,250.537598
2018-10-10T23:01:28.838097Z,213.902573
2018-10-10T23:01:29.039097Z,187.487732
2018-10-10T23:01:29.253097Z,164.41803000000002
2018-10-10T23:01:29.455097Z,157.734924
2018-10-10T23:01:29.658097Z,158.824768
2018-10-10T23:01:29.839097Z,162.109802
2018-10-10T23:01:30.040097Z,160.260193
2018-10-10T23:01:30.256097Z,166.27533
2018-10-10T23:01:30.440097Z,179.17871100000002
2018-10-10T23:01:30.679097Z,185.397964
2018-10-10T23:01:30.856097Z,197.876816
2018-10-10T23:01:31.053097Z,208.93923999999998
2018-10-10T23:01:31.256097Z,220.55694599999998
2018-10-10T23:01:31.457097Z,236.60369900000003
2018-10-10T23:01:31.659097Z,251.856323
2018-10-10T23:01:31.842097Z,252.928131
2018-10-10T23:01:32.058097Z,255.382721
2018-10-10T23:01:32.258097Z,257.36462400000005
2018-10-10T23:01:32.460097Z,256.942627
2018-10-10T23:01:32.646097Z,257.431793
2018-10-10T23:01:32.855097Z,259.554932
2018-10-10T23:01:33.056097Z,266.55917400000004
2018-10-10T23:01:33.260097Z,271.746521
2018-10-10T23:01:33.456097Z,276.0625
2018-10-10T23:01:33.663097Z,284.01001
2018-10-10T23:01:33.842097Z,288.477234
2018-10-10T23:01:34.044097Z,284.341949
2018-10-10T23:01:34.256097Z,281.031036
2018-10-10T23:01:34.456097Z,276.47326699999996
2018-10-10T23:01:34.659097Z,273.484985
2018-10-10T23:01:34.862097Z,266.823242
2018-10-10T23:01:35.064097Z,261.74472000000003
2018-10-10T23:01:35.255097Z,253.93000800000002
2018-10-10T23:01:35.444097Z,241.431396
2018-10-10T23:01:35.662097Z,224.243973
2018-10-10T23:01:35.843097Z,207.145401
2018-10-10T23:01:36.059097Z,197.401657
2018-10-10T23:01:36.258097Z,191.92240900000002
2018-10-10T23:01:36.461097Z,188.221146
2018-10-10T23:01:36.664097Z,184.071152
2018-10-10T23:01:36.858097Z,178.620483
2018-10-10T23:01:37.093097Z,170.106689
2018-10-10T23:01:37.258097Z,159.695923
2018-10-10T23:01:37.462097Z,150.067657
2018-10-10T23:01:37.657097Z,139.131683
2018-10-10T23:01:37.859097Z,127.050201
2018-10-10T23:01:38.065097Z,118.277222
2018-10-10T23:01:38.258097Z,111.386261
2018-10-10T23:01:38.464097Z,106.721649
2018-10-10T23:01:38.666097Z,104.818115
2018-10-10T23:01:38.866097Z,106.00851399999999
2018-10-10T23:01:39.058097Z,107.88488799999999
2018-10-10T23:01:39.258097Z,114.87283300000001
2018-10-10T23:01:39.467097Z,131.248352
2018-10-10T23:01:39.661097Z,149.79269399999998
2018-10-10T23:01:39.860097Z,168.075867
2018-10-10T23:01:40.056097Z,185.374298
2018-10-10T23:01:40.267097Z,194.477676
2018-10-10T23:01:40.469097Z,198.660843
2018-10-10T23:01:40.661097Z,201.904312
2018-10-10T23:01:40.857097Z,203.505814
2018-10-10T23:01:41.063097Z,200.961899
2018-10-10T23:01:41.262097Z,189.202698
2018-10-10T23:01:41.464097Z,171.45568799999998
2018-10-10T23:01:41.666097Z,154.595947
2018-10-10T23:01:41.861097Z,143.560974
2018-10-10T23:01:42.071097Z,139.542389
2018-10-10T23:01:42.264097Z,137.074188
2018-10-10T23:01:42.474097Z,138.86795
2018-10-10T23:01:42.650097Z,146.716614
2018-10-10T23:01:42.864097Z,165.58398400000002
2018-10-10T23:01:43.061097Z,186.68270900000002
2018-10-10T23:01:43.260097Z,204.486206
2018-10-10T23:01:43.464097Z,214.309982
2018-10-10T23:01:43.650097Z,218.82795699999997
2018-10-10T23:01:43.851097Z,220.46607999999998
2018-10-10T23:01:44.070097Z,222.934982
2018-10-10T23:01:44.264097Z,227.14437900000001
2018-10-10T23:01:44.460097Z,230.76502999999997
2018-10-10T23:01:44.664097Z,236.16769399999998
2018-10-10T23:01:44.864097Z,241.222244
2018-10-10T23:01:45.066097Z,247.52661099999997
2018-10-10T23:01:45.270097Z,254.648819
2018-10-10T23:01:45.466097Z,264.668365
2018-10-10T23:01:45.670097Z,269.532593
2018-10-10T23:01:45.870097Z,271.08374
2018-10-10T23:01:46.067097Z,272.00338700000003
2018-10-10T23:01:46.267097Z,274.333679
2018-10-10T23:01:46.466097Z,275.60400400000003
2018-10-10T23:01:46.675097Z,273.554596
2018-10-10T23:01:46.853097Z,269.62060499999995
2018-10-10T23:01:47.066097Z,266.22042799999997
2018-10-10T23:01:47.272097Z,262.101135
2018-10-10T23:01:47.468097Z,258.03362999999996
2018-10-10T23:01:47.672097Z,255.29422000000002
2018-10-10T23:01:47.867097Z,249.71792599999998
2018-10-10T23:01:48.064097Z,241.61419700000002
2018-10-10T23:01:48.268097Z,227.33863799999997
2018-10-10T23:01:48.473097Z,212.23844900000003
2018-10-10T23:01:48.668097Z,197.616058
2018-10-10T23:01:48.869097Z,186.56546
2018-10-10T23:01:49.073097Z,182.32257099999998
2018-10-10T23:01:49.270097Z,176.970337
2018-10-10T23:01:49.455097Z,174.534546
2018-10-10T23:01:49.670097Z,169.039673
2018-10-10T23:01:49.865097Z,161.684875
2018-10-10T23:01:50.073097Z,152.948425
2018-10-10T23:01:50.272097Z,142.395538
2018-10-10T23:01:50.468097Z,130.379761
2018-10-10T23:01:50.669097Z,119.236267
2018-10-10T23:01:50.874097Z,106.796295
2018-10-10T23:01:51.074097Z,94.265381
2018-10-10T23:01:51.275097Z,85.130524
2018-10-10T23:01:51.522097Z,82.348297
2018-10-10T23:01:51.672097Z,81.97827099999999
2018-10-10T23:01:51.918097Z,83.95654300000001
2018-10-10T23:01:52.072097Z,86.867981
2018-10-10T23:01:52.272097Z,89.280457
2018-10-10T23:01:52.458097Z,89.16561899999999
2018-10-10T23:01:52.675097Z,91.34545899999999
2018-10-10T23:01:52.899097Z,96.821686
2018-10-10T23:01:53.099097Z,106.85983300000001
2018-10-10T23:01:53.300097Z,126.375
2018-10-10T23:01:53.511097Z,156.286682
2018-10-10T23:01:53.764097Z,181.509201
2018-10-10T23:01:53.900097Z,188.574295
2018-10-10T23:01:54.095097Z,192.951843
2018-10-10T23:01:54.311097Z,196.243195
2018-10-10T23:01:54.498097Z,198.467545
2018-10-10T23:01:54.698097Z,202.45078999999998
2018-10-10T23:01:54.901097Z,206.41301
2018-10-10T23:01:55.224097Z,209.493317
2018-10-10T23:01:55.260097Z,214.03717000000003
2018-10-10T23:01:55.497097Z,224.01034500000003
2018-10-10T23:01:55.702097Z,240.00524900000002
2018-10-10T23:01:55.900097Z,255.048828
2018-10-10T23:01:56.060097Z,267.4422
2018-10-10T23:01:56.303097Z,270.539795
2018-10-10T23:01:56.512097Z,268.745575
2018-10-10T23:01:56.720097Z,261.041016
2018-10-10T23:01:56.872097Z,233.949081
2018-10-10T23:01:57.065097Z,198.421051
2018-10-10T23:01:57.273097Z,168.86840800000002
2018-10-10T23:01:57.475097Z,146.521973
2018-10-10T23:01:57.681097Z,131.269867
2018-10-10T23:01:57.878097Z,121.02368200000001
2018-10-10T23:01:58.063097Z,108.797119
2018-10-10T23:01:58.273097Z,100.529388
2018-10-10T23:01:58.477097Z,94.59335300000001
2018-10-10T23:01:58.662097Z,91.627014
2018-10-10T23:01:58.863097Z,90.666962
2018-10-10T23:01:59.077097Z,91.74542199999999
2018-10-10T23:01:59.281097Z,93.524536
2018-10-10T23:01:59.480097Z,96.401276
2018-10-10T23:01:59.676097Z,95.69274899999999
2018-10-10T23:01:59.875097Z,91.152039
2018-10-10T23:02:00.080097Z,97.559021
2018-10-10T23:02:00.279097Z,118.688538
2018-10-10T23:02:00.480097Z,145.629211
2018-10-10T23:02:00.684097Z,164.519958
2018-10-10T23:02:00.884097Z,167.158386
2018-10-10T23:02:01.078097Z,164.813904
2018-10-10T23:02:01.284097Z,170.88751200000002
2018-10-10T23:02:01.489097Z,176.764465
2018-10-10T23:02:01.680097Z,186.784317
2018-10-10T23:02:01.865097Z,189.200241
2018-10-10T23:02:02.124097Z,187.20748899999998
2018-10-10T23:02:02.276097Z,189.364807
2018-10-10T23:02:02.511097Z,199.92756699999998
2018-10-10T23:02:02.680097Z,219.86991899999998
2018-10-10T23:02:02.880097Z,240.253845
2018-10-10T23:02:03.066097Z,261.982574
2018-10-10T23:02:03.265097Z,266.839447
2018-10-10T23:02:03.480097Z,271.995239
2018-10-10T23:02:03.685097Z,272.959137
2018-10-10T23:02:03.878097Z,272.238342
2018-10-10T23:02:04.078097Z,267.036285
2018-10-10T23:02:04.267097Z,263.863617
2018-10-10T23:02:04.481097Z,263.22796600000004
2018-10-10T23:02:04.683097Z,263.00930800000003
2018-10-10T23:02:04.885097Z,264.708282
2018-10-10T23:02:05.088097Z,260.855408
2018-10-10T23:02:05.281097Z,257.782379
2018-10-10T23:02:05.473097Z,256.33752400000003
2018-10-10T23:02:05.683097Z,254.04453999999998
2018-10-10T23:02:05.869097Z,253.19297799999998
2018-10-10T23:02:06.085097Z,253.022507
2018-10-10T23:02:06.283097Z,253.312866
2018-10-10T23:02:06.488097Z,250.613373
2018-10-10T23:02:06.685097Z,247.25531
2018-10-10T23:02:06.882097Z,239.73477200000002
2018-10-10T23:02:07.084097Z,217.651993
2018-10-10T23:02:07.284097Z,190.021408
2018-10-10T23:02:07.482097Z,168.531738
2018-10-10T23:02:07.684097Z,159.152893
2018-10-10T23:02:07.872097Z,158.899719
2018-10-10T23:02:08.088097Z,163.252747
2018-10-10T23:02:08.285097Z,171.475647
2018-10-10T23:02:08.470097Z,176.632263
2018-10-10T23:02:08.689097Z,182.897171
2018-10-10T23:02:08.889097Z,187.467468
2018-10-10T23:02:09.086097Z,188.350906
2018-10-10T23:02:09.285097Z,188.910263
2018-10-10T23:02:09.471097Z,186.214798
2018-10-10T23:02:09.692097Z,169.261597
2018-10-10T23:02:09.884097Z,150.109283
2018-10-10T23:02:10.125097Z,130.49078400000002
2018-10-10T23:02:10.289097Z,113.867981
2018-10-10T23:02:10.517097Z,105.88168300000001
2018-10-10T23:02:10.699097Z,99.48751800000001
2018-10-10T23:02:10.888097Z,94.597778
2018-10-10T23:02:11.085097Z,86.84045400000001
2018-10-10T23:02:11.288097Z,84.448425
2018-10-10T23:02:11.489097Z,83.495056
2018-10-10T23:02:11.688097Z,86.467773
2018-10-10T23:02:11.874097Z,91.271393
2018-10-10T23:02:12.085097Z,97.994385
2018-10-10T23:02:12.274097Z,102.90158100000001
2018-10-10T23:02:12.488097Z,109.984039
2018-10-10T23:02:12.673097Z,124.281097
2018-10-10T23:02:12.885097Z,142.616699
2018-10-10T23:02:13.088097Z,162.737854
2018-10-10T23:02:13.292097Z,178.717468
2018-10-10T23:02:13.492097Z,194.810745
2018-10-10T23:02:13.693097Z,208.33999599999999
2018-10-10T23:02:13.895097Z,216.99876400000002
2018-10-10T23:02:14.092097Z,218.14476000000002
2018-10-10T23:02:14.289097Z,217.68215899999998
2018-10-10T23:02:14.497097Z,217.376953
2018-10-10T23:02:14.692097Z,216.180725
2018-10-10T23:02:14.891097Z,209.324326
2018-10-10T23:02:15.124097Z,203.762924
2018-10-10T23:02:15.275097Z,183.940796
2018-10-10T23:02:15.478097Z,160.53363000000002
2018-10-10T23:02:15.692097Z,136.564148
2018-10-10T23:02:15.891097Z,119.025543
2018-10-10T23:02:16.095097Z,108.982178
2018-10-10T23:02:16.296097Z,102.465149
2018-10-10T23:02:16.497097Z,98.368073
2018-10-10T23:02:16.688097Z,94.298248
2018-10-10T23:02:16.887097Z,91.81591800000001
2018-10-10T23:02:17.094097Z,100.13934300000001
2018-10-10T23:02:17.293097Z,118.407349
2018-10-10T23:02:17.488097Z,139.569672
2018-10-10T23:02:17.693097Z,153.386108
2018-10-10T23:02:17.898097Z,171.052185
2018-10-10T23:02:18.098097Z,185.81758100000002
2018-10-10T23:02:18.297097Z,186.865524
2018-10-10T23:02:18.498097Z,191.187698
2018-10-10T23:02:18.708097Z,196.29885900000002
2018-10-10T23:02:18.894097Z,210.74677999999997
2018-10-10T23:02:19.096097Z,227.46392799999998
2018-10-10T23:02:19.279097Z,242.391785
2018-10-10T23:02:19.479097Z,250.523819
2018-10-10T23:02:19.696097Z,248.494476
2018-10-10T23:02:19.904097Z,247.088654
2018-10-10T23:02:20.095097Z,246.14018199999998
2018-10-10T23:02:20.302097Z,240.76339700000003
2018-10-10T23:02:20.496097Z,232.80496200000002
2018-10-10T23:02:20.697097Z,218.758942
2018-10-10T23:02:20.890097Z,205.656555
2018-10-10T23:02:21.092097Z,189.66812099999999
2018-10-10T23:02:21.299097Z,175.766846
2018-10-10T23:02:21.498097Z,168.67511000000002
2018-10-10T23:02:21.701097Z,167.12481699999998
2018-10-10T23:02:21.894097Z,169.226074
2018-10-10T23:02:22.096097Z,174.054626
2018-10-10T23:02:22.298097Z,175.616699
2018-10-10T23:02:22.497097Z,175.103943
2018-10-10T23:02:22.699097Z,174.663818
2018-10-10T23:02:22.901097Z,177.455627
2018-10-10T23:02:23.101097Z,178.737671
2018-10-10T23:02:23.284097Z,182.10638400000002
2018-10-10T23:02:23.482097Z,181.833557
2018-10-10T23:02:23.698097Z,181.222855
2018-10-10T23:02:23.882097Z,179.732727
2018-10-10T23:02:24.094097Z,178.93786599999999
2018-10-10T23:02:24.324097Z,178.59686299999998
2018-10-10T23:02:24.522097Z,182.886932
2018-10-10T23:02:24.724097Z,183.822556
2018-10-10T23:02:24.957097Z,183.63995400000002
2018-10-10T23:02:25.123097Z,173.641907
2018-10-10T23:02:25.324097Z,155.58691399999998
2018-10-10T23:02:25.527097Z,139.480591
2018-10-10T23:02:25.724097Z,125.908905
2018-10-10T23:02:25.884097Z,117.16464199999999
2018-10-10T23:02:26.096097Z,112.819305
2018-10-10T23:02:26.301097Z,111.266296
2018-10-10T23:02:26.498097Z,105.30117800000001
2018-10-10T23:02:26.699097Z,98.467529
2018-10-10T23:02:26.894097Z,90.802856
2018-10-10T23:02:27.101097Z,83.050934
2018-10-10T23:02:27.306097Z,72.444641
2018-10-10T23:02:27.500097Z,60.191070999999994
2018-10-10T23:02:27.701097Z,45.517334000000005
2018-10-10T23:02:27.903097Z,22.77475
2018-10-10T23:02:28.101097Z,353.989136
2018-10-10T23:02:28.301097Z,329.89205899999996
2018-10-10T23:02:28.506097Z,320.40570099999997
2018-10-10T23:02:28.707097Z,309.953735
2018-10-10T23:02:28.903097Z,307.335175
2018-10-10T23:02:29.098097Z,301.61038199999996
2018-10-10T23:02:29.300097Z,297.70437599999997
2018-10-10T23:02:29.503097Z,285.925751
2018-10-10T23:02:29.703097Z,267.941772
2018-10-10T23:02:29.904097Z,253.172623
2018-10-10T23:02:30.108097Z,251.91764799999999
2018-10-10T23:02:30.306097Z,255.967773
2018-10-10T23:02:30.501097Z,262.50820899999997
2018-10-10T23:02:30.707097Z,266.092926
2018-10-10T23:02:30.909097Z,272.740997
2018-10-10T23:02:31.106097Z,271.652588
2018-10-10T23:02:31.288097Z,269.709198
2018-10-10T23:02:31.499097Z,267.87737999999996
2018-10-10T23:02:31.698097Z,265.294464
2018-10-10T23:02:31.890097Z,261.532898
2018-10-10T23:02:32.090097Z,251.830139
2018-10-10T23:02:32.306097Z,241.91578700000002
2018-10-10T23:02:32.500097Z,235.8582
2018-10-10T23:02:32.703097Z,228.500656
2018-10-10T23:02:32.909097Z,222.68309
2018-10-10T23:02:33.103097Z,219.872925
2018-10-10T23:02:33.301097Z,216.83566299999998
2018-10-10T23:02:33.490097Z,210.225967
2018-10-10T23:02:33.707097Z,200.638184
2018-10-10T23:02:33.908097Z,191.70665
2018-10-10T23:02:34.110097Z,185.236954
2018-10-10T23:02:34.310097Z,181.308716
2018-10-10T23:02:34.511097Z,184.752792
2018-10-10T23:02:34.706097Z,186.199738
2018-10-10T23:02:34.909097Z,185.202271
2018-10-10T23:02:35.110097Z,188.040451
2018-10-10T23:02:35.305097Z,188.56333899999998
2018-10-10T23:02:35.500097Z,189.229523
2018-10-10T23:02:35.702097Z,192.57608000000002
2018-10-10T23:02:35.905097Z,201.90971399999998
2018-10-10T23:02:36.107097Z,213.014877
2018-10-10T23:02:36.313097Z,220.969925
2018-10-10T23:02:36.512097Z,227.909042
2018-10-10T23:02:36.708097Z,226.580521
2018-10-10T23:02:36.905097Z,232.43823199999997
2018-10-10T23:02:37.117097Z,233.82457000000002
2018-10-10T23:02:37.305097Z,234.064377
2018-10-10T23:02:37.493097Z,235.74321
2018-10-10T23:02:37.706097Z,238.04049700000002
2018-10-10T23:02:37.909097Z,238.08782999999997
2018-10-10T23:02:38.108097Z,231.31458999999998
2018-10-10T23:02:38.311097Z,228.12960800000002
2018-10-10T23:02:38.579097Z,222.571304
2018-10-10T23:02:38.706097Z,215.39030499999998
2018-10-10T23:02:38.910097Z,200.055649
2018-10-10T23:02:39.103097Z,183.87043799999998
2018-10-10T23:02:39.307097Z,172.648865
2018-10-10T23:02:39.509097Z,168.112915
2018-10-10T23:02:39.747097Z,160.810669
2018-10-10T23:02:39.907097Z,152.25958300000002
2018-10-10T23:02:40.106097Z,150.43185400000002
2018-10-10T23:02:40.320097Z,147.891785
2018-10-10T23:02:40.515097Z,146.428528
2018-10-10T23:02:40.712097Z,143.110931
2018-10-10T23:02:40.908097Z,140.073547
2018-10-10T23:02:41.111097Z,130.919098
2018-10-10T23:02:41.316097Z,124.09021000000001
2018-10-10T23:02:41.517097Z,118.45666499999999
2018-10-10T23:02:41.730097Z,114.885681
2018-10-10T23:02:41.911097Z,110.346954
2018-10-10T23:02:42.113097Z,107.304047
2018-10-10T23:02:42.309097Z,99.30499300000001
2018-10-10T23:02:42.511097Z,86.298767
2018-10-10T23:02:42.713097Z,78.75683599999999
2018-10-10T23:02:42.917097Z,73.907471
2018-10-10T23:02:43.122097Z,71.062531
2018-10-10T23:02:43.316097Z,68.046204
2018-10-10T23:02:43.516097Z,67.845612
2018-10-10T23:02:43.709097Z,66.623566
2018-10-10T23:02:43.912097Z,62.209198
2018-10-10T23:02:44.114097Z,55.55001800000001
2018-10-10T23:02:44.302097Z,51.929778999999996
2018-10-10T23:02:44.519097Z,49.505615
2018-10-10T23:02:44.716097Z,46.80191
2018-10-10T23:02:44.978097Z,42.733551
2018-10-10T23:02:45.110097Z,38.035309000000005
2018-10-10T23:02:45.317097Z,30.619507000000002
2018-10-10T23:02:45.501097Z,21.339813
2018-10-10T23:02:45.703097Z,8.100891
2018-10-10T23:02:45.914097Z,358.065735
2018-10-10T23:02:46.119097Z,351.140106
2018-10-10T23:02:46.320097Z,344.988312
2018-10-10T23:02:46.520097Z,334.300415
2018-10-10T23:02:46.719097Z,324.93994100000003
2018-10-10T23:02:46.919097Z,319.541901
2018-10-10T23:02:47.113097Z,317.519501
2018-10-10T23:02:47.318097Z,312.381348
2018-10-10T23:02:47.517097Z,310.80011
2018-10-10T23:02:47.718097Z,306.925812
2018-10-10T23:02:47.921097Z,304.34359700000005
2018-10-10T23:02:48.121097Z,302.30078100000003
2018-10-10T23:02:48.329097Z,300.568115
2018-10-10T23:02:48.516097Z,300.913452
2018-10-10T23:02:48.718097Z,298.690094
2018-10-10T23:02:48.917097Z,296.090912
2018-10-10T23:02:49.117097Z,296.39846800000004
2018-10-10T23:02:49.325097Z,294.451294
2018-10-10T23:02:49.517097Z,291.794952
2018-10-10T23:02:49.713097Z,293.84314
2018-10-10T23:02:49.919097Z,296.89544700000005
2018-10-10T23:02:50.120097Z,309.184143
2018-10-10T23:02:50.325097Z,328.727173
2018-10-10T23:02:50.506097Z,349.642181
2018-10-10T23:02:50.724097Z,3.773346
2018-10-10T23:02:50.923097Z,10.391022
2018-10-10T23:02:51.122097Z,12.256592
2018-10-10T23:02:51.323097Z,15.042175
2018-10-10T23:02:51.505097Z,15.660217000000001
2018-10-10T23:02:51.718097Z,14.149323
2018-10-10T23:02:51.921097Z,19.247681
2018-10-10T23:02:52.125097Z,28.899566999999998
2018-10-10T23:02:52.306097Z,46.739014000000005
2018-10-10T23:02:52.521097Z,74.56716899999999
2018-10-10T23:02:52.725097Z,100.63913000000001
2018-10-10T23:02:52.927097Z,116.592377
2018-10-10T23:02:53.124097Z,128.806549
2018-10-10T23:02:53.326097Z,143.513458
2018-10-10T23:02:53.530097Z,154.642639
2018-10-10T23:02:53.718097Z,165.023438
2018-10-10T23:02:53.917097Z,171.685486
2018-10-10T23:02:54.117097Z,172.90313700000002
2018-10-10T23:02:54.324097Z,172.098145
2018-10-10T23:02:54.510097Z,173.74035600000002
2018-10-10T23:02:54.722097Z,177.018982
2018-10-10T23:02:54.926097Z,181.146225
2018-10-10T23:02:55.130097Z,180.122696
2018-10-10T23:02:55.328097Z,180.15069599999998
2018-10-10T23:02:55.541097Z,174.80346699999998
2018-10-10T23:02:55.723097Z,165.20623799999998
2018-10-10T23:02:55.923097Z,153.948242
2018-10-10T23:02:56.155097Z,139.42025800000002
2018-10-10T23:02:56.351097Z,128.697052
2018-10-10T23:02:56.521097Z,123.484375
2018-10-10T23:02:56.711097Z,124.81091299999999
2018-10-10T23:02:56.952097Z,122.759399
2018-10-10T23:02:57.152097Z,117.044922
2018-10-10T23:02:57.352097Z,106.26266499999998
2018-10-10T23:02:57.613097Z,97.890594
2018-10-10T23:02:57.744097Z,85.228729
2018-10-10T23:02:57.968097Z,71.140137
2018-10-10T23:02:58.152097Z,53.817871
2018-10-10T23:02:58.352097Z,0.0
2018-10-10T23:02:58.559097Z,0.0
2018-10-10T23:02:58.727097Z,288.983673
2018-10-10T23:02:58.929097Z,277.47900400000003
2018-10-10T23:02:59.129097Z,273.29715
2018-10-10T23:02:59.311097Z,269.85153199999996
2018-10-10T23:02:59.521097Z,267.241547
2018-10-10T23:02:59.727097Z,268.25631699999997
2018-10-10T23:02:59.931097Z,270.87323
2018-10-10T23:03:00.128097Z,275.679077
2018-10-10T23:03:00.329097Z,282.18899500000003
2018-10-10T23:03:00.531097Z,286.55386400000003
2018-10-10T23:03:00.728097Z,287.433319
2018-10-10T23:03:00.924097Z,287.146667
2018-10-10T23:03:01.142097Z,284.897125
2018-10-10T23:03:01.328097Z,278.50244100000003
2018-10-10T23:03:01.527097Z,266.747101
2018-10-10T23:03:01.723097Z,256.060272
2018-10-10T23:03:01.929097Z,245.906723
2018-10-10T23:03:02.129097Z,237.53723100000002
2018-10-10T23:03:02.332097Z,229.322525
2018-10-10T23:03:02.528097Z,223.58813500000002
2018-10-10T23:03:02.730097Z,219.522873
2018-10-10T23:03:02.932097Z,219.556198
2018-10-10T23:03:03.129097Z,218.238098
2018-10-10T23:03:03.328097Z,218.08665499999998
2018-10-10T23:03:03.521097Z,220.729523
2018-10-10T23:03:03.730097Z,231.39677400000002
2018-10-10T23:03:03.928097Z,248.44273399999997
2018-10-10T23:03:04.116097Z,271.236145
2018-10-10T23:03:04.333097Z,286.76358
2018-10-10T23:03:04.527097Z,290.646393
2018-10-10T23:03:04.733097Z,297.821167
2018-10-10T23:03:04.935097Z,304.731689
2018-10-10T23:03:05.134097Z,311.752838
2018-10-10T23:03:05.334097Z,315.513794
2018-10-10T23:03:05.526097Z,317.66659500000003
2018-10-10T23:03:05.740097Z,318.23141499999997
2018-10-10T23:03:05.932097Z,319.817535
2018-10-10T23:03:06.133097Z,316.393463
2018-10-10T23:03:06.317097Z,315.279388
2018-10-10T23:03:06.536097Z,315.48056
2018-10-10T23:03:06.731097Z,314.888824
2018-10-10T23:03:06.933097Z,314.96814
2018-10-10T23:03:07.137097Z,313.66275
2018-10-10T23:03:07.336097Z,314.164795
2018-10-10T23:03:07.537097Z,317.817139
2018-10-10T23:03:07.734097Z,326.45111099999997
2018-10-10T23:03:07.933097Z,338.54580699999997
2018-10-10T23:03:08.133097Z,351.03772000000004
2018-10-10T23:03:08.333097Z,3.282928
2018-10-10T23:03:08.534097Z,10.778748
2018-10-10T23:03:08.737097Z,16.545044
2018-10-10T23:03:08.938097Z,16.085541
2018-10-10T23:03:09.139097Z,12.886047
2018-10-10T23:03:09.333097Z,10.386047
2018-10-10T23:03:09.537097Z,8.340942
2018-10-10T23:03:09.736097Z,5.67981
2018-10-10T23:03:09.934097Z,2.151123
2018-10-10T23:03:10.135097Z,350.867859
2018-10-10T23:03:10.340097Z,336.459106
2018-10-10T23:03:10.521097Z,321.736115
2018-10-10T23:03:10.741097Z,309.783783
2018-10-10T23:03:10.938097Z,299.158936
2018-10-10T23:03:11.139097Z,293.394135
2018-10-10T23:03:11.339097Z,290.943604
2018-10-10T23:03:11.538097Z,289.137146
2018-10-10T23:03:11.765097Z,282.725403
2018-10-10T23:03:11.936097Z,274.109039
2018-10-10T23:03:12.137097Z,262.299286
2018-10-10T23:03:12.340097Z,249.39074700000003
2018-10-10T23:03:12.567097Z,235.78694199999998
2018-10-10T23:03:12.739097Z,227.046036
2018-10-10T23:03:12.940097Z,225.17155499999998
2018-10-10T23:03:13.136097Z,220.82310499999997
2018-10-10T23:03:13.338097Z,217.727386
2018-10-10T23:03:13.553097Z,210.146042
2018-10-10T23:03:13.737097Z,210.367706
2018-10-10T23:03:13.934097Z,212.29505899999998
2018-10-10T23:03:14.140097Z,216.320297
2018-10-10T23:03:14.324097Z,221.212875
2018-10-10T23:03:14.538097Z,224.678207
2018-10-10T23:03:14.741097Z,227.868698
2018-10-10T23:03:14.944097Z,228.583481
2018-10-10T23:03:15.135097Z,225.65847799999997
2018-10-10T23:03:15.334097Z,222.532257
2018-10-10T23:03:15.528097Z,216.14827000000002
2018-10-10T23:03:15.725097Z,206.230209
2018-10-10T23:03:15.941097Z,194.599045
2018-10-10T23:03:16.144097Z,183.110733
2018-10-10T23:03:16.344097Z,176.152771
2018-10-10T23:03:16.545097Z,174.007324
2018-10-10T23:03:16.795097Z,174.118286
2018-10-10T23:03:16.938097Z,182.9767
2018-10-10T23:03:17.141097Z,199.44851699999998
2018-10-10T23:03:17.342097Z,221.808685
2018-10-10T23:03:17.542097Z,242.107498
2018-10-10T23:03:17.746097Z,254.889191
2018-10-10T23:03:17.946097Z,256.395264
2018-10-10T23:03:18.149097Z,261.85296600000004
2018-10-10T23:03:18.341097Z,269.09259
2018-10-10T23:03:18.537097Z,278.541748
2018-10-10T23:03:18.741097Z,289.669312
2018-10-10T23:03:18.943097Z,305.56955
2018-10-10T23:03:19.143097Z,318.96991
2018-10-10T23:03:19.348097Z,328.41452000000004
2018-10-10T23:03:19.552097Z,334.549713
2018-10-10T23:03:19.749097Z,337.948517
2018-10-10T23:03:19.972097Z,333.072479
2018-10-10T23:03:20.142097Z,324.557465
2018-10-10T23:03:20.345097Z,304.73382599999997
2018-10-10T23:03:20.528097Z,281.21826200000004
2018-10-10T23:03:20.751097Z,260.315918
2018-10-10T23:03:20.946097Z,245.134323
2018-10-10T23:03:21.148097Z,231.18331899999998
2018-10-10T23:03:21.331097Z,225.22584500000002
2018-10-10T23:03:21.532097Z,222.38006600000003
2018-10-10T23:03:21.738097Z,216.446121
2018-10-10T23:03:21.941097Z,204.627197
2018-10-10T23:03:22.145097Z,191.875488
2018-10-10T23:03:22.344097Z,175.80242900000002
2018-10-10T23:03:22.547097Z,165.00903300000002
2018-10-10T23:03:22.747097Z,163.101624
2018-10-10T23:03:22.950097Z,167.673157
2018-10-10T23:03:23.221097Z,170.908142
2018-10-10T23:03:23.342097Z,172.12085
2018-10-10T23:03:23.578097Z,180.786224
2018-10-10T23:03:23.747097Z,201.485687
2018-10-10T23:03:23.933097Z,224.842789
2018-10-10T23:03:24.152097Z,245.572601
2018-10-10T23:03:24.352097Z,258.164429
2018-10-10T23:03:24.551097Z,266.642334
2018-10-10T23:03:24.750097Z,270.685425
2018-10-10T23:03:24.950097Z,272.795166
2018-10-10T23:03:25.153097Z,272.14566
2018-10-10T23:03:25.347097Z,272.534058
2018-10-10T23:03:25.544097Z,277.691467
2018-10-10T23:03:25.745097Z,285.772919
2018-10-10T23:03:25.950097Z,290.809204
2018-10-10T23:03:26.148097Z,299.31314100000003
2018-10-10T23:03:26.346097Z,305.19830299999995
2018-10-10T23:03:26.550097Z,305.940521
2018-10-10T23:03:26.783097Z,304.586029
2018-10-10T23:03:26.960097Z,303.94140600000003
2018-10-10T23:03:27.144097Z,310.239716
2018-10-10T23:03:27.350097Z,311.947144
2018-10-10T23:03:27.550097Z,312.073486
2018-10-10T23:03:27.750097Z,308.601257
2018-10-10T23:03:27.955097Z,304.31280499999997
2018-10-10T23:03:28.154097Z,299.594574
2018-10-10T23:03:28.392097Z,300.40921000000003
2018-10-10T23:03:28.596097Z,310.55426
2018-10-10T23:03:28.779097Z,326.1073
2018-10-10T23:03:28.977097Z,346.1698
2018-10-10T23:03:29.175097Z,358.212799
2018-10-10T23:03:29.378097Z,5.618378
2018-10-10T23:03:29.576097Z,12.158294999999999
2018-10-10T23:03:29.776097Z,13.840423999999999
2018-10-10T23:03:29.977097Z,14.039856
2018-10-10T23:03:30.137097Z,9.486572
2018-10-10T23:03:30.343097Z,359.466248
2018-10-10T23:03:30.536097Z,341.050446
2018-10-10T23:03:30.754097Z,314.61911000000003
2018-10-10T23:03:30.951097Z,289.998779
2018-10-10T23:03:31.156097Z,275.38681
2018-10-10T23:03:31.355097Z,264.587158
2018-10-10T23:03:31.560097Z,260.18695099999997
2018-10-10T23:03:31.761097Z,256.387024
2018-10-10T23:03:31.956097Z,253.34208700000002
2018-10-10T23:03:32.158097Z,251.44322200000002
2018-10-10T23:03:32.355097Z,250.35034199999998
2018-10-10T23:03:32.556097Z,248.19462599999997
2018-10-10T23:03:32.756097Z,245.05191000000002
2018-10-10T23:03:33.037097Z,237.58323700000003
2018-10-10T23:03:33.151097Z,213.26667799999998
2018-10-10T23:03:33.353097Z,177.25311299999998
2018-10-10T23:03:33.540097Z,149.47378500000002
2018-10-10T23:03:33.756097Z,122.393188
2018-10-10T23:03:33.959097Z,104.59683199999999
2018-10-10T23:03:34.158097Z,85.396362
2018-10-10T23:03:34.359097Z,68.95657299999999
2018-10-10T23:03:34.577097Z,59.213440000000006
2018-10-10T23:03:34.772097Z,51.215576
2018-10-10T23:03:34.983097Z,63.588898
2018-10-10T23:03:35.188097Z,46.563202000000004
2018-10-10T23:03:35.375097Z,42.955139
2018-10-10T23:03:35.574097Z,36.416443
2018-10-10T23:03:35.759097Z,18.170258
2018-10-10T23:03:35.962097Z,348.013214
2018-10-10T23:03:36.180097Z,320.260315
2018-10-10T23:03:36.381097Z,298.62027
2018-10-10T23:03:36.571097Z,285.628876
2018-10-10T23:03:36.782097Z,263.973969
2018-10-10T23:03:36.971097Z,251.943436
2018-10-10T23:03:37.173097Z,241.021881
2018-10-10T23:03:37.374097Z,235.55531299999998
2018-10-10T23:03:37.571097Z,241.17215
2018-10-10T23:03:37.772097Z,253.51248199999998
2018-10-10T23:03:37.972097Z,276.893555
2018-10-10T23:03:38.160097Z,299.641785
2018-10-10T23:03:38.376097Z,306.245544
2018-10-10T23:03:38.562097Z,309.95608500000003
2018-10-10T23:03:38.781097Z,313.872467
2018-10-10T23:03:38.980097Z,316.598846
2018-10-10T23:03:39.234097Z,316.29235800000004
2018-10-10T23:03:39.372097Z,315.647339
2018-10-10T23:03:39.581097Z,310.16635099999996
2018-10-10T23:03:39.773097Z,306.056061
2018-10-10T23:03:39.979097Z,304.011475
2018-10-10T23:03:40.183097Z,303.324341
2018-10-10T23:03:40.382097Z,304.11852999999996
2018-10-10T23:03:40.582097Z,305.015167
2018-10-10T23:03:40.774097Z,305.694275
2018-10-10T23:03:40.978097Z,310.970856
2018-10-10T23:03:41.179097Z,328.26236
2018-10-10T23:03:41.374097Z,350.505585
2018-10-10T23:03:41.579097Z,4.0746459999999995
2018-10-10T23:03:41.792097Z,9.412689
2018-10-10T23:03:41.966097Z,15.947662
2018-10-10T23:03:42.183097Z,16.02594
2018-10-10T23:03:42.401097Z,8.266113
2018-10-10T23:03:42.564097Z,356.550293
2018-10-10T23:03:42.764097Z,345.75174
2018-10-10T23:03:42.976097Z,332.109589
2018-10-10T23:03:43.180097Z,320.467651
2018-10-10T23:03:43.385097Z,315.797913
2018-10-10T23:03:43.580097Z,314.026764
2018-10-10T23:03:43.782097Z,311.335876
2018-10-10T23:03:43.984097Z,310.088135
2018-10-10T23:03:44.183097Z,308.78182999999996
2018-10-10T23:03:44.365097Z,298.840881
2018-10-10T23:03:44.577097Z,286.245636
2018-10-10T23:03:44.782097Z,270.524658
2018-10-10T23:03:44.967097Z,253.02439900000002
2018-10-10T23:03:45.169097Z,234.17756699999998
2018-10-10T23:03:45.386097Z,219.843277
2018-10-10T23:03:45.568097Z,205.04509
2018-10-10T23:03:45.793097Z,195.632874
2018-10-10T23:03:45.986097Z,188.649094
2018-10-10T23:03:46.192097Z,186.605255
2018-10-10T23:03:46.368097Z,182.33194
2018-10-10T23:03:46.585097Z,173.534302
2018-10-10T23:03:46.783097Z,161.803833
2018-10-10T23:03:46.985097Z,149.991577
2018-10-10T23:03:47.190097Z,144.960022
2018-10-10T23:03:47.386097Z,141.408356
2018-10-10T23:03:47.587097Z,139.625
2018-10-10T23:03:47.788097Z,139.09979199999998
2018-10-10T23:03:47.991097Z,137.803589
2018-10-10T23:03:48.181097Z,138.837952
2018-10-10T23:03:48.379097Z,139.369537
2018-10-10T23:03:48.584097Z,138.65991200000002
2018-10-10T23:03:48.784097Z,140.073151
2018-10-10T23:03:48.985097Z,143.191406
2018-10-10T23:03:49.183097Z,149.57394399999998
2018-10-10T23:03:49.384097Z,151.853302
2018-10-10T23:03:49.586097Z,151.848663
2018-10-10T23:03:49.787097Z,153.80053700000002
2018-10-10T23:03:49.986097Z,155.51532
2018-10-10T23:03:50.180097Z,158.967468
2018-10-10T23:03:50.384097Z,157.516663
2018-10-10T23:03:50.583097Z,160.447021
2018-10-10T23:03:50.782097Z,164.030151
2018-10-10T23:03:50.989097Z,165.160706
2018-10-10T23:03:51.189097Z,167.721375
2018-10-10T23:03:51.400097Z,166.085571
2018-10-10T23:03:51.587097Z,163.67529299999998
2018-10-10T23:03:51.786097Z,163.63501000000002
2018-10-10T23:03:51.986097Z,163.131531
2018-10-10T23:03:52.185097Z,164.39581299999998
2018-10-10T23:03:52.381097Z,162.559021
2018-10-10T23:03:52.573097Z,160.56604
2018-10-10T23:03:52.787097Z,158.836243
