Datetime,beaconid,edgenodeid,rssi,realx,realy
2018-10-02T00:12:38.500000Z,9,1,-81.66666666666667,10.0145,8.561
2018-10-02T00:12:38.500000Z,9,12,-58.0,10.0145,8.561
2018-10-02T00:12:38.500000Z,9,3,-84.66666666666667,10.0145,8.561
2018-10-02T00:12:38.500000Z,9,11,-84.0,10.0145,8.561
2018-10-02T00:12:38.500000Z,9,8,-83.75,10.0145,8.561
2018-10-02T00:12:38.500000Z,9,2,-94.0,10.0145,8.561
2018-10-02T00:12:38.500000Z,9,13,-75.75,10.0145,8.561
2018-10-02T00:12:38.500000Z,9,10,-72.2,10.0145,8.561
2018-10-02T00:12:38.500000Z,9,9,-86.6,10.0145,8.561
2018-10-02T00:12:39.000000Z,9,12,-60.333333333333336,10.029,8.785
2018-10-02T00:12:39.000000Z,9,3,-88.66666666666667,10.029,8.785
2018-10-02T00:12:39.000000Z,9,11,-80.5,10.029,8.785
2018-10-02T00:12:39.000000Z,9,8,-82.0,10.029,8.785
2018-10-02T00:12:39.000000Z,9,2,-85.5,10.029,8.785
2018-10-02T00:12:39.000000Z,9,10,-84.5,10.029,8.785
2018-10-02T00:12:39.000000Z,9,9,-94.0,10.029,8.785
2018-10-02T00:12:39.000000Z,9,13,-74.66666666666667,10.029,8.785
2018-10-02T00:12:39.000000Z,9,1,-86.5,10.029,8.785
2018-10-02T00:12:39.500000Z,9,10,-73.33333333333333,10.0435,9.009
2018-10-02T00:12:39.500000Z,9,12,-61.6,10.0435,9.009
2018-10-02T00:12:39.500000Z,9,1,-82.0,10.0435,9.009
2018-10-02T00:12:39.500000Z,9,13,-76.8,10.0435,9.009
2018-10-02T00:12:39.500000Z,9,2,-87.0,10.0435,9.009
2018-10-02T00:12:39.500000Z,9,3,-88.66666666666667,10.0435,9.009
2018-10-02T00:12:39.500000Z,9,8,-75.66666666666667,10.0435,9.009
2018-10-02T00:12:39.500000Z,9,9,-86.0,10.0435,9.009
2018-10-02T00:12:39.500000Z,9,11,-81.0,10.0435,9.009
2018-10-02T00:12:40.000000Z,9,13,-83.0,10.058,9.232999999999999
2018-10-02T00:12:40.000000Z,9,2,-78.0,10.058,9.232999999999999
2018-10-02T00:12:40.000000Z,9,8,-86.0,10.058,9.232999999999999
2018-10-02T00:12:40.000000Z,9,11,-84.33333333333333,10.058,9.232999999999999
2018-10-02T00:12:40.000000Z,9,10,-77.5,10.058,9.232999999999999
2018-10-02T00:12:40.000000Z,9,12,-66.0,10.058,9.232999999999999
2018-10-02T00:12:40.000000Z,9,1,-84.0,10.058,9.232999999999999
2018-10-02T00:12:40.000000Z,9,3,-84.66666666666667,10.058,9.232999999999999
2018-10-02T00:12:40.000000Z,9,9,-92.5,10.058,9.232999999999999
2018-10-02T00:12:40.500000Z,9,13,-72.66666666666667,10.0725,9.456999999999999
2018-10-02T00:12:40.500000Z,9,12,-57.0,10.0725,9.456999999999999
2018-10-02T00:12:40.500000Z,9,1,-82.4,10.0725,9.456999999999999
2018-10-02T00:12:40.500000Z,9,2,-82.25,10.0725,9.456999999999999
2018-10-02T00:12:40.500000Z,9,11,-79.4,10.0725,9.456999999999999
2018-10-02T00:12:40.500000Z,9,8,-73.0,10.0725,9.456999999999999
2018-10-02T00:12:40.500000Z,9,3,-88.0,10.0725,9.456999999999999
2018-10-02T00:12:40.500000Z,9,10,-81.25,10.0725,9.456999999999999
2018-10-02T00:12:40.500000Z,9,9,-92.5,10.0725,9.456999999999999
2018-10-02T00:12:41.000000Z,9,8,-61.0,9.8,9.693
2018-10-02T00:12:41.000000Z,9,1,-84.33333333333333,9.8,9.693
2018-10-02T00:12:41.000000Z,9,3,-81.0,9.8,9.693
2018-10-02T00:12:41.000000Z,9,11,-84.5,9.8,9.693
2018-10-02T00:12:41.000000Z,9,12,-53.666666666666664,9.8,9.693
2018-10-02T00:12:41.000000Z,9,13,-80.5,9.8,9.693
2018-10-02T00:12:41.000000Z,9,2,-86.5,9.8,9.693
2018-10-02T00:12:41.000000Z,9,10,-80.0,9.8,9.693
2018-10-02T00:12:41.000000Z,9,9,-84.66666666666667,9.8,9.693
2018-10-02T00:12:41.500000Z,9,10,-77.33333333333333,9.513,9.705
2018-10-02T00:12:41.500000Z,9,11,-71.0,9.513,9.705
2018-10-02T00:12:41.500000Z,9,2,-92.0,9.513,9.705
2018-10-02T00:12:41.500000Z,9,8,-68.66666666666667,9.513,9.705
2018-10-02T00:12:41.500000Z,9,9,-83.0,9.513,9.705
2018-10-02T00:12:41.500000Z,9,13,-82.66666666666667,9.513,9.705
2018-10-02T00:12:41.500000Z,9,3,-87.0,9.513,9.705
2018-10-02T00:12:41.500000Z,9,1,-88.4,9.513,9.705
2018-10-02T00:12:41.500000Z,9,12,-47.5,9.513,9.705
2018-10-02T00:12:42.000000Z,9,13,-80.75,9.225999999999999,9.716999999999999
2018-10-02T00:12:42.000000Z,9,2,-95.0,9.225999999999999,9.716999999999999
2018-10-02T00:12:42.000000Z,9,8,-63.5,9.225999999999999,9.716999999999999
2018-10-02T00:12:42.000000Z,9,3,-80.0,9.225999999999999,9.716999999999999
2018-10-02T00:12:42.000000Z,9,10,-82.2,9.225999999999999,9.716999999999999
2018-10-02T00:12:42.000000Z,9,11,-77.0,9.225999999999999,9.716999999999999
2018-10-02T00:12:42.000000Z,9,12,-61.8,9.225999999999999,9.716999999999999
2018-10-02T00:12:42.000000Z,9,1,-88.4,9.225999999999999,9.716999999999999
2018-10-02T00:12:42.000000Z,9,9,-85.33333333333333,9.225999999999999,9.716999999999999
2018-10-02T00:12:42.500000Z,9,13,-82.0,8.939,9.729
2018-10-02T00:12:42.500000Z,9,9,-83.0,8.939,9.729
2018-10-02T00:12:42.500000Z,9,3,-90.0,8.939,9.729
2018-10-02T00:12:42.500000Z,9,8,-69.4,8.939,9.729
2018-10-02T00:12:42.500000Z,9,10,-82.0,8.939,9.729
2018-10-02T00:12:42.500000Z,9,1,-86.66666666666667,8.939,9.729
2018-10-02T00:12:42.500000Z,9,2,-86.0,8.939,9.729
2018-10-02T00:12:42.500000Z,9,12,-53.4,8.939,9.729
2018-10-02T00:12:42.500000Z,9,11,-76.0,8.939,9.729
2018-10-02T00:12:43.000000Z,9,10,-81.5,8.652000000000001,9.741
2018-10-02T00:12:43.000000Z,9,8,-69.25,8.652000000000001,9.741
2018-10-02T00:12:43.000000Z,9,13,-82.0,8.652000000000001,9.741
2018-10-02T00:12:43.000000Z,9,2,-103.0,8.652000000000001,9.741
2018-10-02T00:12:43.000000Z,9,3,-76.0,8.652000000000001,9.741
2018-10-02T00:12:43.000000Z,9,1,-94.0,8.652000000000001,9.741
2018-10-02T00:12:43.000000Z,9,9,-85.5,8.652000000000001,9.741
2018-10-02T00:12:43.000000Z,9,12,-66.5,8.652000000000001,9.741
2018-10-02T00:12:43.000000Z,9,11,-77.5,8.652000000000001,9.741
2018-10-02T00:12:43.500000Z,9,11,-71.0,8.0645,9.74
2018-10-02T00:12:43.500000Z,9,12,-62.75,8.0645,9.74
2018-10-02T00:12:43.500000Z,9,9,-90.0,8.0645,9.74
2018-10-02T00:12:43.500000Z,9,3,-83.0,8.0645,9.74
2018-10-02T00:12:43.500000Z,9,8,-57.5,8.0645,9.74
2018-10-02T00:12:43.500000Z,9,13,-84.0,8.0645,9.74
2018-10-02T00:12:43.500000Z,9,1,-91.66666666666667,8.0645,9.74
2018-10-02T00:12:43.500000Z,9,10,-79.33333333333333,8.0645,9.74
2018-10-02T00:12:43.500000Z,9,2,-85.0,8.0645,9.74
2018-10-02T00:12:44.000000Z,9,9,-90.0,7.764,9.727
2018-10-02T00:12:44.000000Z,9,3,-93.0,7.764,9.727
2018-10-02T00:12:44.000000Z,9,12,-73.25,7.764,9.727
2018-10-02T00:12:44.000000Z,9,13,-86.75,7.764,9.727
2018-10-02T00:12:44.000000Z,9,11,-76.25,7.764,9.727
2018-10-02T00:12:44.000000Z,9,8,-55.666666666666664,7.764,9.727
2018-10-02T00:12:44.000000Z,9,10,-79.33333333333333,7.764,9.727
2018-10-02T00:12:44.000000Z,9,2,-89.66666666666667,7.764,9.727
2018-10-02T00:12:44.000000Z,9,1,-85.83333333333333,7.764,9.727
2018-10-02T00:12:44.500000Z,9,11,-71.25,7.4635,9.714
2018-10-02T00:12:44.500000Z,9,2,-82.0,7.4635,9.714
2018-10-02T00:12:44.500000Z,9,13,-87.0,7.4635,9.714
2018-10-02T00:12:44.500000Z,9,12,-66.6,7.4635,9.714
2018-10-02T00:12:44.500000Z,9,3,-85.0,7.4635,9.714
2018-10-02T00:12:44.500000Z,9,9,-82.0,7.4635,9.714
2018-10-02T00:12:44.500000Z,9,10,-74.0,7.4635,9.714
2018-10-02T00:12:44.500000Z,9,8,-55.5,7.4635,9.714
2018-10-02T00:12:44.500000Z,9,1,-87.33333333333333,7.4635,9.714
2018-10-02T00:12:45.000000Z,9,8,-65.75,7.163,9.701
2018-10-02T00:12:45.000000Z,9,12,-75.0,7.163,9.701
2018-10-02T00:12:45.000000Z,9,13,-87.0,7.163,9.701
2018-10-02T00:12:45.000000Z,9,9,-93.0,7.163,9.701
2018-10-02T00:12:45.000000Z,9,1,-92.0,7.163,9.701
2018-10-02T00:12:45.000000Z,9,10,-82.5,7.163,9.701
2018-10-02T00:12:45.000000Z,9,2,-90.0,7.163,9.701
2018-10-02T00:12:45.000000Z,9,11,-78.5,7.163,9.701
2018-10-02T00:12:45.000000Z,9,3,-85.0,7.163,9.701
2018-10-02T00:12:45.500000Z,9,3,-93.0,6.862500000000001,9.688
2018-10-02T00:12:45.500000Z,9,13,-88.0,6.862500000000001,9.688
2018-10-02T00:12:45.500000Z,9,2,-90.0,6.862500000000001,9.688
2018-10-02T00:12:45.500000Z,9,11,-79.33333333333333,6.862500000000001,9.688
2018-10-02T00:12:45.500000Z,9,10,-83.5,6.862500000000001,9.688
2018-10-02T00:12:45.500000Z,9,12,-74.5,6.862500000000001,9.688
2018-10-02T00:12:45.500000Z,9,9,-90.0,6.862500000000001,9.688
2018-10-02T00:12:45.500000Z,9,1,-83.0,6.862500000000001,9.688
2018-10-02T00:12:45.500000Z,9,8,-64.33333333333333,6.862500000000001,9.688
2018-10-02T00:12:46.000000Z,9,9,-90.0,6.1908125,9.6224375
2018-10-02T00:12:46.000000Z,9,8,-64.25,6.1908125,9.6224375
2018-10-02T00:12:46.000000Z,9,11,-78.0,6.1908125,9.6224375
2018-10-02T00:12:46.000000Z,9,10,-86.33333333333333,6.1908125,9.6224375
2018-10-02T00:12:46.000000Z,9,3,-93.0,6.1908125,9.6224375
2018-10-02T00:12:46.000000Z,9,12,-65.0,6.1908125,9.6224375
2018-10-02T00:12:46.000000Z,9,13,-78.0,6.1908125,9.6224375
2018-10-02T00:12:46.000000Z,9,2,-89.0,6.1908125,9.6224375
2018-10-02T00:12:46.000000Z,9,1,-95.5,6.1908125,9.6224375
2018-10-02T00:12:46.500000Z,9,12,-87.0,5.819625,9.569875
2018-10-02T00:12:46.500000Z,9,8,-66.2,5.819625,9.569875
2018-10-02T00:12:46.500000Z,9,13,-88.0,5.819625,9.569875
2018-10-02T00:12:46.500000Z,9,3,-86.0,5.819625,9.569875
2018-10-02T00:12:46.500000Z,9,10,-82.2,5.819625,9.569875
2018-10-02T00:12:46.500000Z,9,1,-95.5,5.819625,9.569875
2018-10-02T00:12:46.500000Z,9,2,-89.0,5.819625,9.569875
2018-10-02T00:12:46.500000Z,9,9,-90.0,5.819625,9.569875
2018-10-02T00:12:46.500000Z,9,11,-70.5,5.819625,9.569875
2018-10-02T00:12:47.000000Z,9,9,-90.5,5.448437500000001,9.517312500000001
2018-10-02T00:12:47.000000Z,9,12,-80.0,5.448437500000001,9.517312500000001
2018-10-02T00:12:47.000000Z,9,13,-77.5,5.448437500000001,9.517312500000001
2018-10-02T00:12:47.000000Z,9,11,-76.66666666666667,5.448437500000001,9.517312500000001
2018-10-02T00:12:47.000000Z,9,10,-74.0,5.448437500000001,9.517312500000001
2018-10-02T00:12:47.000000Z,9,3,-84.0,5.448437500000001,9.517312500000001
2018-10-02T00:12:47.000000Z,9,8,-67.5,5.448437500000001,9.517312500000001
2018-10-02T00:12:47.000000Z,9,2,-89.0,5.448437500000001,9.517312500000001
2018-10-02T00:12:47.000000Z,9,1,-95.0,5.448437500000001,9.517312500000001
2018-10-02T00:12:47.500000Z,9,2,-98.0,5.07725,9.46475
2018-10-02T00:12:47.500000Z,9,3,-87.0,5.07725,9.46475
2018-10-02T00:12:47.500000Z,9,12,-81.8,5.07725,9.46475
2018-10-02T00:12:47.500000Z,9,1,-85.66666666666667,5.07725,9.46475
2018-10-02T00:12:47.500000Z,9,10,-85.0,5.07725,9.46475
2018-10-02T00:12:47.500000Z,9,13,-83.66666666666667,5.07725,9.46475
2018-10-02T00:12:47.500000Z,9,11,-70.5,5.07725,9.46475
2018-10-02T00:12:47.500000Z,9,9,-88.0,5.07725,9.46475
2018-10-02T00:12:47.500000Z,9,8,-63.0,5.07725,9.46475
2018-10-02T00:12:48.000000Z,9,13,-92.66666666666667,4.7060625,9.4121875
2018-10-02T00:12:48.000000Z,9,2,-85.0,4.7060625,9.4121875
2018-10-02T00:12:48.000000Z,9,10,-85.5,4.7060625,9.4121875
2018-10-02T00:12:48.000000Z,9,11,-82.0,4.7060625,9.4121875
2018-10-02T00:12:48.000000Z,9,12,-81.0,4.7060625,9.4121875
2018-10-02T00:12:48.000000Z,9,9,-87.0,4.7060625,9.4121875
2018-10-02T00:12:48.000000Z,9,1,-85.66666666666667,4.7060625,9.4121875
2018-10-02T00:12:48.000000Z,9,3,-90.5,4.7060625,9.4121875
2018-10-02T00:12:48.000000Z,9,8,-59.0,4.7060625,9.4121875
2018-10-02T00:12:48.500000Z,9,9,-87.0,4.334875,9.359625000000001
2018-10-02T00:12:48.500000Z,9,2,-103.0,4.334875,9.359625000000001
2018-10-02T00:12:48.500000Z,9,12,-78.5,4.334875,9.359625000000001
2018-10-02T00:12:48.500000Z,9,8,-65.75,4.334875,9.359625000000001
2018-10-02T00:12:48.500000Z,9,3,-84.0,4.334875,9.359625000000001
2018-10-02T00:12:48.500000Z,9,11,-77.8,4.334875,9.359625000000001
2018-10-02T00:12:48.500000Z,9,10,-85.66666666666667,4.334875,9.359625000000001
2018-10-02T00:12:48.500000Z,9,13,-84.75,4.334875,9.359625000000001
2018-10-02T00:12:48.500000Z,9,1,-85.66666666666667,4.334875,9.359625000000001
2018-10-02T00:12:49.000000Z,9,10,-84.66666666666667,3.9636875000000003,9.3070625
2018-10-02T00:12:49.000000Z,9,2,-87.0,3.9636875000000003,9.3070625
2018-10-02T00:12:49.000000Z,9,8,-53.5,3.9636875000000003,9.3070625
2018-10-02T00:12:49.000000Z,9,9,-85.5,3.9636875000000003,9.3070625
2018-10-02T00:12:49.000000Z,9,1,-101.0,3.9636875000000003,9.3070625
2018-10-02T00:12:49.000000Z,9,13,-87.33333333333333,3.9636875000000003,9.3070625
2018-10-02T00:12:49.000000Z,9,11,-77.0,3.9636875000000003,9.3070625
2018-10-02T00:12:49.000000Z,9,3,-88.5,3.9636875000000003,9.3070625
2018-10-02T00:12:49.000000Z,9,12,-80.66666666666667,3.9636875000000003,9.3070625
2018-10-02T00:12:49.500000Z,9,8,-61.0,3.5925000000000002,9.2545
2018-10-02T00:12:49.500000Z,9,10,-93.0,3.5925000000000002,9.2545
2018-10-02T00:12:49.500000Z,9,13,-82.75,3.5925000000000002,9.2545
2018-10-02T00:12:49.500000Z,9,3,-98.0,3.5925000000000002,9.2545
2018-10-02T00:12:49.500000Z,9,1,-88.66666666666667,3.5925000000000002,9.2545
2018-10-02T00:12:49.500000Z,9,2,-87.0,3.5925000000000002,9.2545
2018-10-02T00:12:49.500000Z,9,11,-74.0,3.5925000000000002,9.2545
2018-10-02T00:12:49.500000Z,9,9,-85.5,3.5925000000000002,9.2545
2018-10-02T00:12:49.500000Z,9,12,-74.5,3.5925000000000002,9.2545
2018-10-02T00:12:50.000000Z,9,12,-78.75,3.2213125000000002,9.2019375
2018-10-02T00:12:50.000000Z,9,8,-59.6,3.2213125000000002,9.2019375
2018-10-02T00:12:50.000000Z,9,11,-76.16666666666667,3.2213125000000002,9.2019375
2018-10-02T00:12:50.000000Z,9,2,-85.0,3.2213125000000002,9.2019375
2018-10-02T00:12:50.000000Z,9,10,-88.66666666666667,3.2213125000000002,9.2019375
2018-10-02T00:12:50.000000Z,9,3,-87.0,3.2213125000000002,9.2019375
2018-10-02T00:12:50.000000Z,9,13,-90.25,3.2213125000000002,9.2019375
2018-10-02T00:12:50.000000Z,9,9,-85.0,3.2213125000000002,9.2019375
2018-10-02T00:12:50.000000Z,9,1,-85.5,3.2213125000000002,9.2019375
2018-10-02T00:12:50.500000Z,9,10,-85.66666666666667,2.8501250000000002,9.149375
2018-10-02T00:12:50.500000Z,9,8,-57.5,2.8501250000000002,9.149375
2018-10-02T00:12:50.500000Z,9,3,-95.0,2.8501250000000002,9.149375
2018-10-02T00:12:50.500000Z,9,9,-85.0,2.8501250000000002,9.149375
2018-10-02T00:12:50.500000Z,9,13,-81.5,2.8501250000000002,9.149375
2018-10-02T00:12:50.500000Z,9,1,-78.0,2.8501250000000002,9.149375
2018-10-02T00:12:50.500000Z,9,12,-77.33333333333333,2.8501250000000002,9.149375
2018-10-02T00:12:50.500000Z,9,2,-85.0,2.8501250000000002,9.149375
2018-10-02T00:12:50.500000Z,9,11,-73.0,2.8501250000000002,9.149375
2018-10-02T00:12:51.000000Z,9,10,-85.0,2.4789375,9.0968125
2018-10-02T00:12:51.000000Z,9,13,-91.0,2.4789375,9.0968125
2018-10-02T00:12:51.000000Z,9,8,-55.333333333333336,2.4789375,9.0968125
2018-10-02T00:12:51.000000Z,9,11,-78.33333333333333,2.4789375,9.0968125
2018-10-02T00:12:51.000000Z,9,9,-97.0,2.4789375,9.0968125
2018-10-02T00:12:51.000000Z,9,2,-86.0,2.4789375,9.0968125
2018-10-02T00:12:51.000000Z,9,12,-75.33333333333333,2.4789375,9.0968125
2018-10-02T00:12:51.000000Z,9,1,-86.33333333333333,2.4789375,9.0968125
2018-10-02T00:12:51.000000Z,9,3,-95.0,2.4789375,9.0968125
2018-10-02T00:12:51.500000Z,9,1,-97.0,2.1077500000000002,9.04425
2018-10-02T00:12:51.500000Z,9,8,-58.666666666666664,2.1077500000000002,9.04425
2018-10-02T00:12:51.500000Z,9,2,-86.0,2.1077500000000002,9.04425
2018-10-02T00:12:51.500000Z,9,13,-91.5,2.1077500000000002,9.04425
2018-10-02T00:12:51.500000Z,9,12,-78.0,2.1077500000000002,9.04425
2018-10-02T00:12:51.500000Z,9,9,-98.0,2.1077500000000002,9.04425
2018-10-02T00:12:51.500000Z,9,11,-71.0,2.1077500000000002,9.04425
2018-10-02T00:12:51.500000Z,9,10,-85.0,2.1077500000000002,9.04425
2018-10-02T00:12:51.500000Z,9,3,-90.0,2.1077500000000002,9.04425
2018-10-02T00:12:52.000000Z,9,12,-80.0,1.7365625000000007,8.9916875
2018-10-02T00:12:52.000000Z,9,13,-91.0,1.7365625000000007,8.9916875
2018-10-02T00:12:52.000000Z,9,1,-97.0,1.7365625000000007,8.9916875
2018-10-02T00:12:52.000000Z,9,9,-98.0,1.7365625000000007,8.9916875
2018-10-02T00:12:52.000000Z,9,10,-88.0,1.7365625000000007,8.9916875
2018-10-02T00:12:52.000000Z,9,2,-86.0,1.7365625000000007,8.9916875
2018-10-02T00:12:52.000000Z,9,3,-90.0,1.7365625000000007,8.9916875
2018-10-02T00:12:52.000000Z,9,8,-67.66666666666667,1.7365625000000007,8.9916875
2018-10-02T00:12:52.000000Z,9,11,-69.75,1.7365625000000007,8.9916875
2018-10-02T00:12:52.500000Z,9,12,-79.0,1.3653750000000002,8.939125
2018-10-02T00:12:52.500000Z,9,2,-86.0,1.3653750000000002,8.939125
2018-10-02T00:12:52.500000Z,9,11,-67.0,1.3653750000000002,8.939125
2018-10-02T00:12:52.500000Z,9,9,-98.0,1.3653750000000002,8.939125
2018-10-02T00:12:52.500000Z,9,13,-92.0,1.3653750000000002,8.939125
2018-10-02T00:12:52.500000Z,9,8,-73.0,1.3653750000000002,8.939125
2018-10-02T00:12:52.500000Z,9,1,-97.0,1.3653750000000002,8.939125
2018-10-02T00:12:52.500000Z,9,10,-89.0,1.3653750000000002,8.939125
2018-10-02T00:12:52.500000Z,9,3,-90.0,1.3653750000000002,8.939125
2018-10-02T00:12:53.000000Z,9,11,-60.0,0.9941874999999998,8.8865625
2018-10-02T00:12:53.000000Z,9,1,-90.0,0.9941874999999998,8.8865625
2018-10-02T00:12:53.000000Z,9,3,-90.0,0.9941874999999998,8.8865625
2018-10-02T00:12:53.000000Z,9,10,-82.75,0.9941874999999998,8.8865625
2018-10-02T00:12:53.000000Z,9,9,-92.0,0.9941874999999998,8.8865625
2018-10-02T00:12:53.000000Z,9,2,-86.0,0.9941874999999998,8.8865625
2018-10-02T00:12:53.000000Z,9,12,-77.75,0.9941874999999998,8.8865625
2018-10-02T00:12:53.000000Z,9,13,-87.5,0.9941874999999998,8.8865625
2018-10-02T00:12:53.000000Z,9,8,-76.0,0.9941874999999998,8.8865625
2018-10-02T00:12:53.500000Z,9,11,-70.8,0.6137777777777778,8.427555555555555
2018-10-02T00:12:53.500000Z,9,13,-89.0,0.6137777777777778,8.427555555555555
2018-10-02T00:12:53.500000Z,9,9,-90.5,0.6137777777777778,8.427555555555555
2018-10-02T00:12:53.500000Z,9,12,-75.2,0.6137777777777778,8.427555555555555
2018-10-02T00:12:53.500000Z,9,1,-96.0,0.6137777777777778,8.427555555555555
2018-10-02T00:12:53.500000Z,9,3,-90.0,0.6137777777777778,8.427555555555555
2018-10-02T00:12:53.500000Z,9,8,-76.25,0.6137777777777778,8.427555555555555
2018-10-02T00:12:53.500000Z,9,10,-93.0,0.6137777777777778,8.427555555555555
2018-10-02T00:12:53.500000Z,9,2,-86.0,0.6137777777777778,8.427555555555555
2018-10-02T00:12:54.000000Z,9,11,-65.0,0.6045555555555555,8.02111111111111
2018-10-02T00:12:54.000000Z,9,2,-87.5,0.6045555555555555,8.02111111111111
2018-10-02T00:12:54.000000Z,9,12,-78.2,0.6045555555555555,8.02111111111111
2018-10-02T00:12:54.000000Z,9,9,-89.5,0.6045555555555555,8.02111111111111
2018-10-02T00:12:54.000000Z,9,1,-97.0,0.6045555555555555,8.02111111111111
2018-10-02T00:12:54.000000Z,9,10,-79.25,0.6045555555555555,8.02111111111111
2018-10-02T00:12:54.000000Z,9,3,-90.0,0.6045555555555555,8.02111111111111
2018-10-02T00:12:54.000000Z,9,13,-84.0,0.6045555555555555,8.02111111111111
2018-10-02T00:12:54.000000Z,9,8,-77.0,0.6045555555555555,8.02111111111111
2018-10-02T00:12:54.500000Z,9,8,-77.66666666666667,0.5953333333333334,7.6146666666666665
2018-10-02T00:12:54.500000Z,9,9,-90.0,0.5953333333333334,7.6146666666666665
2018-10-02T00:12:54.500000Z,9,1,-88.0,0.5953333333333334,7.6146666666666665
2018-10-02T00:12:54.500000Z,9,2,-87.5,0.5953333333333334,7.6146666666666665
2018-10-02T00:12:54.500000Z,9,10,-81.66666666666667,0.5953333333333334,7.6146666666666665
2018-10-02T00:12:54.500000Z,9,13,-86.75,0.5953333333333334,7.6146666666666665
2018-10-02T00:12:54.500000Z,9,11,-66.33333333333333,0.5953333333333334,7.6146666666666665
2018-10-02T00:12:54.500000Z,9,3,-87.0,0.5953333333333334,7.6146666666666665
2018-10-02T00:12:54.500000Z,9,12,-81.33333333333333,0.5953333333333334,7.6146666666666665
2018-10-02T00:12:55.000000Z,9,8,-75.33333333333333,0.5861111111111111,7.208222222222222
2018-10-02T00:12:55.000000Z,9,12,-73.5,0.5861111111111111,7.208222222222222
2018-10-02T00:12:55.000000Z,9,2,-88.0,0.5861111111111111,7.208222222222222
2018-10-02T00:12:55.000000Z,9,10,-84.5,0.5861111111111111,7.208222222222222
2018-10-02T00:12:55.000000Z,9,9,-90.0,0.5861111111111111,7.208222222222222
2018-10-02T00:12:55.000000Z,9,1,-83.0,0.5861111111111111,7.208222222222222
2018-10-02T00:12:55.000000Z,9,11,-65.0,0.5861111111111111,7.208222222222222
2018-10-02T00:12:55.000000Z,9,13,-93.0,0.5861111111111111,7.208222222222222
2018-10-02T00:12:55.000000Z,9,3,-87.0,0.5861111111111111,7.208222222222222
2018-10-02T00:12:55.500000Z,9,3,-87.0,0.5768888888888889,6.801777777777778
2018-10-02T00:12:55.500000Z,9,12,-82.5,0.5768888888888889,6.801777777777778
2018-10-02T00:12:55.500000Z,9,2,-88.0,0.5768888888888889,6.801777777777778
2018-10-02T00:12:55.500000Z,9,1,-83.0,0.5768888888888889,6.801777777777778
2018-10-02T00:12:55.500000Z,9,9,-90.0,0.5768888888888889,6.801777777777778
2018-10-02T00:12:55.500000Z,9,11,-64.66666666666667,0.5768888888888889,6.801777777777778
2018-10-02T00:12:55.500000Z,9,13,-82.5,0.5768888888888889,6.801777777777778
2018-10-02T00:12:55.500000Z,9,10,-85.0,0.5768888888888889,6.801777777777778
2018-10-02T00:12:55.500000Z,9,8,-80.0,0.5768888888888889,6.801777777777778
2018-10-02T00:12:56.000000Z,9,13,-86.66666666666667,0.5676666666666667,6.395333333333333
2018-10-02T00:12:56.000000Z,9,12,-85.0,0.5676666666666667,6.395333333333333
2018-10-02T00:12:56.000000Z,9,10,-82.66666666666667,0.5676666666666667,6.395333333333333
2018-10-02T00:12:56.000000Z,9,11,-67.33333333333333,0.5676666666666667,6.395333333333333
2018-10-02T00:12:56.000000Z,9,9,-95.0,0.5676666666666667,6.395333333333333
2018-10-02T00:12:56.000000Z,9,3,-87.0,0.5676666666666667,6.395333333333333
2018-10-02T00:12:56.000000Z,9,1,-83.0,0.5676666666666667,6.395333333333333
2018-10-02T00:12:56.000000Z,9,8,-76.0,0.5676666666666667,6.395333333333333
2018-10-02T00:12:56.000000Z,9,2,-88.0,0.5676666666666667,6.395333333333333
2018-10-02T00:12:56.500000Z,9,8,-78.33333333333333,0.5584444444444445,5.988888888888889
2018-10-02T00:12:56.500000Z,9,13,-85.0,0.5584444444444445,5.988888888888889
2018-10-02T00:12:56.500000Z,9,3,-87.0,0.5584444444444445,5.988888888888889
2018-10-02T00:12:56.500000Z,9,9,-86.0,0.5584444444444445,5.988888888888889
2018-10-02T00:12:56.500000Z,9,11,-71.0,0.5584444444444445,5.988888888888889
2018-10-02T00:12:56.500000Z,9,1,-96.0,0.5584444444444445,5.988888888888889
2018-10-02T00:12:56.500000Z,9,2,-89.0,0.5584444444444445,5.988888888888889
2018-10-02T00:12:56.500000Z,9,12,-87.0,0.5584444444444445,5.988888888888889
2018-10-02T00:12:56.500000Z,9,10,-88.0,0.5584444444444445,5.988888888888889
2018-10-02T00:12:57.000000Z,9,1,-94.66666666666667,0.5492222222222223,5.5824444444444445
2018-10-02T00:12:57.000000Z,9,8,-82.33333333333333,0.5492222222222223,5.5824444444444445
2018-10-02T00:12:57.000000Z,9,10,-84.33333333333333,0.5492222222222223,5.5824444444444445
2018-10-02T00:12:57.000000Z,9,12,-82.75,0.5492222222222223,5.5824444444444445
2018-10-02T00:12:57.000000Z,9,13,-89.0,0.5492222222222223,5.5824444444444445
2018-10-02T00:12:57.000000Z,9,2,-89.0,0.5492222222222223,5.5824444444444445
2018-10-02T00:12:57.000000Z,9,11,-74.66666666666667,0.5492222222222223,5.5824444444444445
2018-10-02T00:12:57.000000Z,9,9,-86.0,0.5492222222222223,5.5824444444444445
2018-10-02T00:12:57.000000Z,9,3,-87.0,0.5492222222222223,5.5824444444444445
2018-10-02T00:12:57.500000Z,9,12,-79.5,0.7030000000000001,4.940142857142857
2018-10-02T00:12:57.500000Z,9,2,-89.0,0.7030000000000001,4.940142857142857
2018-10-02T00:12:57.500000Z,9,8,-87.0,0.7030000000000001,4.940142857142857
2018-10-02T00:12:57.500000Z,9,1,-97.0,0.7030000000000001,4.940142857142857
2018-10-02T00:12:57.500000Z,9,11,-73.25,0.7030000000000001,4.940142857142857
2018-10-02T00:12:57.500000Z,9,10,-91.5,0.7030000000000001,4.940142857142857
2018-10-02T00:12:57.500000Z,9,13,-79.5,0.7030000000000001,4.940142857142857
2018-10-02T00:12:57.500000Z,9,3,-92.0,0.7030000000000001,4.940142857142857
2018-10-02T00:12:57.500000Z,9,9,-88.0,0.7030000000000001,4.940142857142857
2018-10-02T00:12:58.000000Z,9,8,-72.5,0.8660000000000001,4.704285714285715
2018-10-02T00:12:58.000000Z,9,3,-92.0,0.8660000000000001,4.704285714285715
2018-10-02T00:12:58.000000Z,9,10,-88.5,0.8660000000000001,4.704285714285715
2018-10-02T00:12:58.000000Z,9,1,-93.0,0.8660000000000001,4.704285714285715
2018-10-02T00:12:58.000000Z,9,13,-77.0,0.8660000000000001,4.704285714285715
2018-10-02T00:12:58.000000Z,9,9,-83.0,0.8660000000000001,4.704285714285715
2018-10-02T00:12:58.000000Z,9,11,-62.25,0.8660000000000001,4.704285714285715
2018-10-02T00:12:58.000000Z,9,12,-82.66666666666667,0.8660000000000001,4.704285714285715
2018-10-02T00:12:58.000000Z,9,2,-89.0,0.8660000000000001,4.704285714285715
2018-10-02T00:12:58.500000Z,9,13,-89.33333333333333,1.029,4.468428571428571
2018-10-02T00:12:58.500000Z,9,8,-78.5,1.029,4.468428571428571
2018-10-02T00:12:58.500000Z,9,10,-84.0,1.029,4.468428571428571
2018-10-02T00:12:58.500000Z,9,12,-82.5,1.029,4.468428571428571
2018-10-02T00:12:58.500000Z,9,2,-89.0,1.029,4.468428571428571
2018-10-02T00:12:58.500000Z,9,3,-91.5,1.029,4.468428571428571
2018-10-02T00:12:58.500000Z,9,11,-68.0,1.029,4.468428571428571
2018-10-02T00:12:58.500000Z,9,9,-83.0,1.029,4.468428571428571
2018-10-02T00:12:58.500000Z,9,1,-79.0,1.029,4.468428571428571
2018-10-02T00:12:59.000000Z,9,2,-95.0,1.1920000000000002,4.232571428571428
2018-10-02T00:12:59.000000Z,9,13,-80.66666666666667,1.1920000000000002,4.232571428571428
2018-10-02T00:12:59.000000Z,9,3,-91.5,1.1920000000000002,4.232571428571428
2018-10-02T00:12:59.000000Z,9,12,-76.6,1.1920000000000002,4.232571428571428
2018-10-02T00:12:59.000000Z,9,10,-76.0,1.1920000000000002,4.232571428571428
2018-10-02T00:12:59.000000Z,9,1,-84.0,1.1920000000000002,4.232571428571428
2018-10-02T00:12:59.000000Z,9,9,-83.0,1.1920000000000002,4.232571428571428
2018-10-02T00:12:59.000000Z,9,11,-63.5,1.1920000000000002,4.232571428571428
2018-10-02T00:12:59.000000Z,9,8,-80.5,1.1920000000000002,4.232571428571428
2018-10-02T00:12:59.500000Z,9,2,-95.0,1.355,3.996714285714286
2018-10-02T00:12:59.500000Z,9,3,-85.0,1.355,3.996714285714286
2018-10-02T00:12:59.500000Z,9,9,-91.0,1.355,3.996714285714286
2018-10-02T00:12:59.500000Z,9,12,-79.33333333333333,1.355,3.996714285714286
2018-10-02T00:12:59.500000Z,9,10,-85.5,1.355,3.996714285714286
2018-10-02T00:12:59.500000Z,9,8,-84.66666666666667,1.355,3.996714285714286
2018-10-02T00:12:59.500000Z,9,11,-59.0,1.355,3.996714285714286
2018-10-02T00:12:59.500000Z,9,13,-85.0,1.355,3.996714285714286
2018-10-02T00:12:59.500000Z,9,1,-90.0,1.355,3.996714285714286
2018-10-02T00:13:00.000000Z,9,9,-96.0,1.518,3.7608571428571427
2018-10-02T00:13:00.000000Z,9,8,-86.0,1.518,3.7608571428571427
2018-10-02T00:13:00.000000Z,9,13,-79.5,1.518,3.7608571428571427
2018-10-02T00:13:00.000000Z,9,2,-90.5,1.518,3.7608571428571427
2018-10-02T00:13:00.000000Z,9,3,-86.0,1.518,3.7608571428571427
2018-10-02T00:13:00.000000Z,9,12,-76.5,1.518,3.7608571428571427
2018-10-02T00:13:00.000000Z,9,11,-73.4,1.518,3.7608571428571427
2018-10-02T00:13:00.000000Z,9,1,-88.5,1.518,3.7608571428571427
2018-10-02T00:13:00.000000Z,9,10,-89.0,1.518,3.7608571428571427
2018-10-02T00:13:00.500000Z,9,2,-90.5,1.9701,3.5262
2018-10-02T00:13:00.500000Z,9,11,-66.2,1.9701,3.5262
2018-10-02T00:13:00.500000Z,9,10,-86.0,1.9701,3.5262
2018-10-02T00:13:00.500000Z,9,9,-83.0,1.9701,3.5262
2018-10-02T00:13:00.500000Z,9,8,-75.66666666666667,1.9701,3.5262
2018-10-02T00:13:00.500000Z,9,12,-73.33333333333333,1.9701,3.5262
2018-10-02T00:13:00.500000Z,9,1,-82.66666666666667,1.9701,3.5262
2018-10-02T00:13:00.500000Z,9,13,-83.5,1.9701,3.5262
2018-10-02T00:13:00.500000Z,9,3,-82.0,1.9701,3.5262
2018-10-02T00:13:01.000000Z,9,9,-82.0,2.2592,3.5274
2018-10-02T00:13:01.000000Z,9,8,-76.0,2.2592,3.5274
2018-10-02T00:13:01.000000Z,9,2,-90.5,2.2592,3.5274
2018-10-02T00:13:01.000000Z,9,12,-72.5,2.2592,3.5274
2018-10-02T00:13:01.000000Z,9,1,-85.5,2.2592,3.5274
2018-10-02T00:13:01.000000Z,9,3,-88.66666666666667,2.2592,3.5274
2018-10-02T00:13:01.000000Z,9,10,-86.0,2.2592,3.5274
2018-10-02T00:13:01.000000Z,9,13,-83.66666666666667,2.2592,3.5274
2018-10-02T00:13:01.000000Z,9,11,-67.0,2.2592,3.5274
2018-10-02T00:13:01.500000Z,9,2,-84.0,2.5483000000000002,3.5286
2018-10-02T00:13:01.500000Z,9,3,-88.0,2.5483000000000002,3.5286
2018-10-02T00:13:01.500000Z,9,1,-84.0,2.5483000000000002,3.5286
2018-10-02T00:13:01.500000Z,9,11,-74.33333333333333,2.5483000000000002,3.5286
2018-10-02T00:13:01.500000Z,9,10,-80.0,2.5483000000000002,3.5286
2018-10-02T00:13:01.500000Z,9,8,-82.33333333333333,2.5483000000000002,3.5286
2018-10-02T00:13:01.500000Z,9,13,-78.5,2.5483000000000002,3.5286
2018-10-02T00:13:01.500000Z,9,9,-84.66666666666667,2.5483000000000002,3.5286
2018-10-02T00:13:01.500000Z,9,12,-68.66666666666667,2.5483000000000002,3.5286
2018-10-02T00:13:02.000000Z,9,1,-81.2,2.8374,3.5298
2018-10-02T00:13:02.000000Z,9,10,-81.5,2.8374,3.5298
2018-10-02T00:13:02.000000Z,9,12,-76.2,2.8374,3.5298
2018-10-02T00:13:02.000000Z,9,3,-92.0,2.8374,3.5298
2018-10-02T00:13:02.000000Z,9,2,-87.5,2.8374,3.5298
2018-10-02T00:13:02.000000Z,9,11,-78.0,2.8374,3.5298
2018-10-02T00:13:02.000000Z,9,13,-80.75,2.8374,3.5298
2018-10-02T00:13:02.000000Z,9,9,-85.5,2.8374,3.5298
2018-10-02T00:13:02.000000Z,9,8,-82.8,2.8374,3.5298
2018-10-02T00:13:02.500000Z,9,8,-79.0,3.1265,3.5309999999999997
2018-10-02T00:13:02.500000Z,9,3,-97.0,3.1265,3.5309999999999997
2018-10-02T00:13:02.500000Z,9,9,-85.66666666666667,3.1265,3.5309999999999997
2018-10-02T00:13:02.500000Z,9,10,-94.0,3.1265,3.5309999999999997
2018-10-02T00:13:02.500000Z,9,13,-87.0,3.1265,3.5309999999999997
2018-10-02T00:13:02.500000Z,9,12,-76.25,3.1265,3.5309999999999997
2018-10-02T00:13:02.500000Z,9,11,-72.0,3.1265,3.5309999999999997
2018-10-02T00:13:02.500000Z,9,1,-81.0,3.1265,3.5309999999999997
2018-10-02T00:13:02.500000Z,9,2,-88.0,3.1265,3.5309999999999997
2018-10-02T00:13:03.000000Z,9,11,-75.33333333333333,3.4156000000000004,3.5322
2018-10-02T00:13:03.000000Z,9,1,-88.0,3.4156000000000004,3.5322
2018-10-02T00:13:03.000000Z,9,9,-86.5,3.4156000000000004,3.5322
2018-10-02T00:13:03.000000Z,9,12,-76.25,3.4156000000000004,3.5322
2018-10-02T00:13:03.000000Z,9,13,-89.66666666666667,3.4156000000000004,3.5322
2018-10-02T00:13:03.000000Z,9,8,-73.75,3.4156000000000004,3.5322
2018-10-02T00:13:03.000000Z,9,10,-82.0,3.4156000000000004,3.5322
2018-10-02T00:13:03.000000Z,9,3,-79.0,3.4156000000000004,3.5322
2018-10-02T00:13:03.000000Z,9,2,-94.0,3.4156000000000004,3.5322
2018-10-02T00:13:03.500000Z,9,1,-85.33333333333333,3.7047000000000003,3.5334
2018-10-02T00:13:03.500000Z,9,12,-73.4,3.7047000000000003,3.5334
2018-10-02T00:13:03.500000Z,9,10,-79.33333333333333,3.7047000000000003,3.5334
2018-10-02T00:13:03.500000Z,9,3,-82.0,3.7047000000000003,3.5334
2018-10-02T00:13:03.500000Z,9,13,-90.0,3.7047000000000003,3.5334
2018-10-02T00:13:03.500000Z,9,8,-99.0,3.7047000000000003,3.5334
2018-10-02T00:13:03.500000Z,9,9,-87.5,3.7047000000000003,3.5334
2018-10-02T00:13:03.500000Z,9,2,-92.0,3.7047000000000003,3.5334
2018-10-02T00:13:03.500000Z,9,11,-73.0,3.7047000000000003,3.5334
2018-10-02T00:13:04.000000Z,9,2,-93.0,3.9938000000000002,3.5345999999999997
2018-10-02T00:13:04.000000Z,9,12,-77.66666666666667,3.9938000000000002,3.5345999999999997
2018-10-02T00:13:04.000000Z,9,13,-84.5,3.9938000000000002,3.5345999999999997
2018-10-02T00:13:04.000000Z,9,1,-82.0,3.9938000000000002,3.5345999999999997
2018-10-02T00:13:04.000000Z,9,11,-87.0,3.9938000000000002,3.5345999999999997
2018-10-02T00:13:04.000000Z,9,9,-85.0,3.9938000000000002,3.5345999999999997
2018-10-02T00:13:04.000000Z,9,10,-80.5,3.9938000000000002,3.5345999999999997
2018-10-02T00:13:04.000000Z,9,3,-84.5,3.9938000000000002,3.5345999999999997
2018-10-02T00:13:04.000000Z,9,8,-79.0,3.9938000000000002,3.5345999999999997
2018-10-02T00:13:04.500000Z,9,3,-80.75,4.2829,3.5358
2018-10-02T00:13:04.500000Z,9,2,-85.0,4.2829,3.5358
2018-10-02T00:13:04.500000Z,9,10,-68.0,4.2829,3.5358
2018-10-02T00:13:04.500000Z,9,13,-83.0,4.2829,3.5358
2018-10-02T00:13:04.500000Z,9,8,-80.2,4.2829,3.5358
2018-10-02T00:13:04.500000Z,9,12,-80.0,4.2829,3.5358
2018-10-02T00:13:04.500000Z,9,1,-89.0,4.2829,3.5358
2018-10-02T00:13:04.500000Z,9,9,-77.5,4.2829,3.5358
2018-10-02T00:13:04.500000Z,9,11,-70.6,4.2829,3.5358
2018-10-02T00:13:05.000000Z,9,11,-79.2,4.774,3.545142857142857
2018-10-02T00:13:05.000000Z,9,12,-71.75,4.774,3.545142857142857
2018-10-02T00:13:05.000000Z,9,1,-83.0,4.774,3.545142857142857
2018-10-02T00:13:05.000000Z,9,9,-83.33333333333333,4.774,3.545142857142857
2018-10-02T00:13:05.000000Z,9,10,-74.0,4.774,3.545142857142857
2018-10-02T00:13:05.000000Z,9,2,-96.0,4.774,3.545142857142857
2018-10-02T00:13:05.000000Z,9,8,-85.33333333333333,4.774,3.545142857142857
2018-10-02T00:13:05.000000Z,9,13,-84.5,4.774,3.545142857142857
2018-10-02T00:13:05.000000Z,9,3,-81.0,4.774,3.545142857142857
2018-10-02T00:13:05.500000Z,9,10,-76.0,4.976,3.5532857142857144
2018-10-02T00:13:05.500000Z,9,11,-84.66666666666667,4.976,3.5532857142857144
2018-10-02T00:13:05.500000Z,9,8,-87.0,4.976,3.5532857142857144
2018-10-02T00:13:05.500000Z,9,12,-77.0,4.976,3.5532857142857144
2018-10-02T00:13:05.500000Z,9,2,-93.0,4.976,3.5532857142857144
2018-10-02T00:13:05.500000Z,9,1,-87.5,4.976,3.5532857142857144
2018-10-02T00:13:05.500000Z,9,9,-81.2,4.976,3.5532857142857144
2018-10-02T00:13:05.500000Z,9,3,-81.5,4.976,3.5532857142857144
2018-10-02T00:13:05.500000Z,9,13,-75.5,4.976,3.5532857142857144
2018-10-02T00:13:06.000000Z,9,8,-76.66666666666667,5.178,3.5614285714285714
2018-10-02T00:13:06.000000Z,9,9,-73.33333333333333,5.178,3.5614285714285714
2018-10-02T00:13:06.000000Z,9,13,-73.66666666666667,5.178,3.5614285714285714
2018-10-02T00:13:06.000000Z,9,1,-81.0,5.178,3.5614285714285714
2018-10-02T00:13:06.000000Z,9,10,-75.0,5.178,3.5614285714285714
2018-10-02T00:13:06.000000Z,9,2,-84.0,5.178,3.5614285714285714
2018-10-02T00:13:06.000000Z,9,11,-79.33333333333333,5.178,3.5614285714285714
2018-10-02T00:13:06.000000Z,9,12,-69.33333333333333,5.178,3.5614285714285714
2018-10-02T00:13:06.000000Z,9,3,-83.5,5.178,3.5614285714285714
2018-10-02T00:13:06.500000Z,9,12,-80.0,5.38,3.5695714285714284
2018-10-02T00:13:06.500000Z,9,8,-81.0,5.38,3.5695714285714284
2018-10-02T00:13:06.500000Z,9,2,-87.0,5.38,3.5695714285714284
2018-10-02T00:13:06.500000Z,9,3,-100.0,5.38,3.5695714285714284
2018-10-02T00:13:06.500000Z,9,9,-86.75,5.38,3.5695714285714284
2018-10-02T00:13:06.500000Z,9,13,-82.66666666666667,5.38,3.5695714285714284
2018-10-02T00:13:06.500000Z,9,1,-85.0,5.38,3.5695714285714284
2018-10-02T00:13:06.500000Z,9,10,-77.5,5.38,3.5695714285714284
2018-10-02T00:13:06.500000Z,9,11,-77.0,5.38,3.5695714285714284
2018-10-02T00:13:07.000000Z,9,9,-86.2,5.582,3.5777142857142854
2018-10-02T00:13:07.000000Z,9,10,-69.0,5.582,3.5777142857142854
2018-10-02T00:13:07.000000Z,9,3,-83.0,5.582,3.5777142857142854
2018-10-02T00:13:07.000000Z,9,12,-78.66666666666667,5.582,3.5777142857142854
2018-10-02T00:13:07.000000Z,9,1,-90.66666666666667,5.582,3.5777142857142854
2018-10-02T00:13:07.000000Z,9,2,-90.0,5.582,3.5777142857142854
2018-10-02T00:13:07.000000Z,9,13,-79.75,5.582,3.5777142857142854
2018-10-02T00:13:07.000000Z,9,11,-78.0,5.582,3.5777142857142854
2018-10-02T00:13:07.000000Z,9,8,-88.0,5.582,3.5777142857142854
2018-10-02T00:13:07.500000Z,9,3,-85.5,5.784,3.585857142857143
2018-10-02T00:13:07.500000Z,9,10,-69.5,5.784,3.585857142857143
2018-10-02T00:13:07.500000Z,9,2,-82.6,5.784,3.585857142857143
2018-10-02T00:13:07.500000Z,9,12,-70.33333333333333,5.784,3.585857142857143
2018-10-02T00:13:07.500000Z,9,9,-92.0,5.784,3.585857142857143
2018-10-02T00:13:07.500000Z,9,13,-72.5,5.784,3.585857142857143
2018-10-02T00:13:07.500000Z,9,1,-87.0,5.784,3.585857142857143
2018-10-02T00:13:07.500000Z,9,11,-81.8,5.784,3.585857142857143
2018-10-02T00:13:07.500000Z,9,8,-81.5,5.784,3.585857142857143
2018-10-02T00:13:08.000000Z,9,12,-75.66666666666667,6.187749999999999,3.4816249999999997
2018-10-02T00:13:08.000000Z,9,3,-80.66666666666667,6.187749999999999,3.4816249999999997
2018-10-02T00:13:08.000000Z,9,1,-81.0,6.187749999999999,3.4816249999999997
2018-10-02T00:13:08.000000Z,9,8,-86.75,6.187749999999999,3.4816249999999997
2018-10-02T00:13:08.000000Z,9,10,-75.6,6.187749999999999,3.4816249999999997
2018-10-02T00:13:08.000000Z,9,11,-79.5,6.187749999999999,3.4816249999999997
2018-10-02T00:13:08.000000Z,9,13,-69.0,6.187749999999999,3.4816249999999997
2018-10-02T00:13:08.000000Z,9,9,-82.33333333333333,6.187749999999999,3.4816249999999997
2018-10-02T00:13:08.000000Z,9,2,-82.6,6.187749999999999,3.4816249999999997
2018-10-02T00:13:08.500000Z,9,10,-67.66666666666667,6.3895,3.36925
2018-10-02T00:13:08.500000Z,9,11,-88.0,6.3895,3.36925
2018-10-02T00:13:08.500000Z,9,9,-85.0,6.3895,3.36925
2018-10-02T00:13:08.500000Z,9,8,-70.0,6.3895,3.36925
2018-10-02T00:13:08.500000Z,9,12,-78.75,6.3895,3.36925
2018-10-02T00:13:08.500000Z,9,2,-87.25,6.3895,3.36925
2018-10-02T00:13:08.500000Z,9,13,-71.33333333333333,6.3895,3.36925
2018-10-02T00:13:08.500000Z,9,3,-85.5,6.3895,3.36925
2018-10-02T00:13:08.500000Z,9,1,-82.0,6.3895,3.36925
2018-10-02T00:13:09.000000Z,9,2,-88.5,6.59125,3.256875
2018-10-02T00:13:09.000000Z,9,13,-81.0,6.59125,3.256875
2018-10-02T00:13:09.000000Z,9,8,-77.0,6.59125,3.256875
2018-10-02T00:13:09.000000Z,9,10,-71.0,6.59125,3.256875
2018-10-02T00:13:09.000000Z,9,11,-77.33333333333333,6.59125,3.256875
2018-10-02T00:13:09.000000Z,9,12,-76.33333333333333,6.59125,3.256875
2018-10-02T00:13:09.000000Z,9,3,-82.5,6.59125,3.256875
2018-10-02T00:13:09.000000Z,9,9,-77.33333333333333,6.59125,3.256875
2018-10-02T00:13:09.000000Z,9,1,-86.0,6.59125,3.256875
2018-10-02T00:13:09.500000Z,9,12,-75.0,6.792999999999999,3.1445
2018-10-02T00:13:09.500000Z,9,13,-72.4,6.792999999999999,3.1445
2018-10-02T00:13:09.500000Z,9,2,-81.6,6.792999999999999,3.1445
2018-10-02T00:13:09.500000Z,9,8,-78.66666666666667,6.792999999999999,3.1445
2018-10-02T00:13:09.500000Z,9,9,-83.0,6.792999999999999,3.1445
2018-10-02T00:13:09.500000Z,9,11,-81.0,6.792999999999999,3.1445
2018-10-02T00:13:09.500000Z,9,10,-73.16666666666667,6.792999999999999,3.1445
2018-10-02T00:13:09.500000Z,9,1,-79.8,6.792999999999999,3.1445
2018-10-02T00:13:09.500000Z,9,3,-82.66666666666667,6.792999999999999,3.1445
2018-10-02T00:13:10.000000Z,9,10,-68.66666666666667,6.99475,3.0321249999999997
2018-10-02T00:13:10.000000Z,9,11,-91.0,6.99475,3.0321249999999997
2018-10-02T00:13:10.000000Z,9,1,-86.66666666666667,6.99475,3.0321249999999997
2018-10-02T00:13:10.000000Z,9,8,-84.25,6.99475,3.0321249999999997
2018-10-02T00:13:10.000000Z,9,12,-74.75,6.99475,3.0321249999999997
2018-10-02T00:13:10.000000Z,9,3,-92.0,6.99475,3.0321249999999997
2018-10-02T00:13:10.000000Z,9,2,-83.0,6.99475,3.0321249999999997
2018-10-02T00:13:10.000000Z,9,9,-87.0,6.99475,3.0321249999999997
2018-10-02T00:13:10.000000Z,9,13,-79.5,6.99475,3.0321249999999997
2018-10-02T00:13:10.500000Z,9,10,-71.0,7.1964999999999995,2.9197499999999996
2018-10-02T00:13:10.500000Z,9,3,-87.75,7.1964999999999995,2.9197499999999996
2018-10-02T00:13:10.500000Z,9,12,-74.0,7.1964999999999995,2.9197499999999996
2018-10-02T00:13:10.500000Z,9,11,-80.0,7.1964999999999995,2.9197499999999996
2018-10-02T00:13:10.500000Z,9,13,-80.0,7.1964999999999995,2.9197499999999996
2018-10-02T00:13:10.500000Z,9,9,-87.0,7.1964999999999995,2.9197499999999996
2018-10-02T00:13:10.500000Z,9,1,-80.0,7.1964999999999995,2.9197499999999996
2018-10-02T00:13:10.500000Z,9,2,-81.5,7.1964999999999995,2.9197499999999996
2018-10-02T00:13:10.500000Z,9,8,-83.5,7.1964999999999995,2.9197499999999996
2018-10-02T00:13:11.000000Z,9,9,-76.0,7.398249999999999,2.807375
2018-10-02T00:13:11.000000Z,9,8,-85.0,7.398249999999999,2.807375
2018-10-02T00:13:11.000000Z,9,13,-83.0,7.398249999999999,2.807375
2018-10-02T00:13:11.000000Z,9,12,-75.33333333333333,7.398249999999999,2.807375
2018-10-02T00:13:11.000000Z,9,3,-87.75,7.398249999999999,2.807375
2018-10-02T00:13:11.000000Z,9,10,-65.25,7.398249999999999,2.807375
2018-10-02T00:13:11.000000Z,9,2,-90.0,7.398249999999999,2.807375
2018-10-02T00:13:11.000000Z,9,1,-81.75,7.398249999999999,2.807375
2018-10-02T00:13:11.000000Z,9,11,-78.5,7.398249999999999,2.807375
2018-10-02T00:13:11.500000Z,9,2,-95.0,7.581571428571428,2.5207142857142855
2018-10-02T00:13:11.500000Z,9,12,-76.5,7.581571428571428,2.5207142857142855
2018-10-02T00:13:11.500000Z,9,9,-87.0,7.581571428571428,2.5207142857142855
2018-10-02T00:13:11.500000Z,9,13,-78.0,7.581571428571428,2.5207142857142855
2018-10-02T00:13:11.500000Z,9,3,-89.25,7.581571428571428,2.5207142857142855
2018-10-02T00:13:11.500000Z,9,11,-80.33333333333333,7.581571428571428,2.5207142857142855
2018-10-02T00:13:11.500000Z,9,10,-67.6,7.581571428571428,2.5207142857142855
2018-10-02T00:13:11.500000Z,9,8,-77.33333333333333,7.581571428571428,2.5207142857142855
2018-10-02T00:13:11.500000Z,9,1,-80.4,7.581571428571428,2.5207142857142855
2018-10-02T00:13:12.000000Z,9,11,-75.8,7.563142857142857,2.3464285714285715
2018-10-02T00:13:12.000000Z,9,2,-86.0,7.563142857142857,2.3464285714285715
2018-10-02T00:13:12.000000Z,9,9,-84.0,7.563142857142857,2.3464285714285715
2018-10-02T00:13:12.000000Z,9,3,-84.25,7.563142857142857,2.3464285714285715
2018-10-02T00:13:12.000000Z,9,1,-80.0,7.563142857142857,2.3464285714285715
2018-10-02T00:13:12.000000Z,9,13,-78.25,7.563142857142857,2.3464285714285715
2018-10-02T00:13:12.000000Z,9,8,-76.5,7.563142857142857,2.3464285714285715
2018-10-02T00:13:12.000000Z,9,10,-67.75,7.563142857142857,2.3464285714285715
2018-10-02T00:13:12.000000Z,9,12,-69.66666666666667,7.563142857142857,2.3464285714285715
2018-10-02T00:13:12.500000Z,9,2,-86.0,7.544714285714286,2.172142857142857
2018-10-02T00:13:12.500000Z,9,13,-79.5,7.544714285714286,2.172142857142857
2018-10-02T00:13:12.500000Z,9,12,-82.5,7.544714285714286,2.172142857142857
2018-10-02T00:13:12.500000Z,9,8,-89.5,7.544714285714286,2.172142857142857
2018-10-02T00:13:12.500000Z,9,3,-88.0,7.544714285714286,2.172142857142857
2018-10-02T00:13:12.500000Z,9,10,-72.0,7.544714285714286,2.172142857142857
2018-10-02T00:13:12.500000Z,9,9,-86.66666666666667,7.544714285714286,2.172142857142857
2018-10-02T00:13:12.500000Z,9,11,-79.0,7.544714285714286,2.172142857142857
2018-10-02T00:13:12.500000Z,9,1,-78.0,7.544714285714286,2.172142857142857
2018-10-02T00:13:13.000000Z,9,8,-81.5,7.526285714285714,1.9978571428571428
2018-10-02T00:13:13.000000Z,9,13,-81.5,7.526285714285714,1.9978571428571428
2018-10-02T00:13:13.000000Z,9,9,-92.0,7.526285714285714,1.9978571428571428
2018-10-02T00:13:13.000000Z,9,11,-75.8,7.526285714285714,1.9978571428571428
2018-10-02T00:13:13.000000Z,9,2,-85.66666666666667,7.526285714285714,1.9978571428571428
2018-10-02T00:13:13.000000Z,9,3,-89.0,7.526285714285714,1.9978571428571428
2018-10-02T00:13:13.000000Z,9,10,-64.6,7.526285714285714,1.9978571428571428
2018-10-02T00:13:13.000000Z,9,1,-86.75,7.526285714285714,1.9978571428571428
2018-10-02T00:13:13.000000Z,9,12,-73.0,7.526285714285714,1.9978571428571428
2018-10-02T00:13:13.500000Z,9,8,-76.0,7.507857142857143,1.8235714285714286
2018-10-02T00:13:13.500000Z,9,12,-77.33333333333333,7.507857142857143,1.8235714285714286
2018-10-02T00:13:13.500000Z,9,13,-78.75,7.507857142857143,1.8235714285714286
2018-10-02T00:13:13.500000Z,9,9,-90.0,7.507857142857143,1.8235714285714286
2018-10-02T00:13:13.500000Z,9,11,-74.33333333333333,7.507857142857143,1.8235714285714286
2018-10-02T00:13:13.500000Z,9,2,-92.5,7.507857142857143,1.8235714285714286
2018-10-02T00:13:13.500000Z,9,1,-89.33333333333333,7.507857142857143,1.8235714285714286
2018-10-02T00:13:13.500000Z,9,10,-78.0,7.507857142857143,1.8235714285714286
2018-10-02T00:13:13.500000Z,9,3,-88.0,7.507857142857143,1.8235714285714286
2018-10-02T00:13:14.000000Z,9,12,-75.33333333333333,7.489428571428571,1.6492857142857145
2018-10-02T00:13:14.000000Z,9,9,-85.5,7.489428571428571,1.6492857142857145
2018-10-02T00:13:14.000000Z,9,3,-90.0,7.489428571428571,1.6492857142857145
2018-10-02T00:13:14.000000Z,9,10,-76.66666666666667,7.489428571428571,1.6492857142857145
2018-10-02T00:13:14.000000Z,9,8,-83.0,7.489428571428571,1.6492857142857145
2018-10-02T00:13:14.000000Z,9,11,-77.5,7.489428571428571,1.6492857142857145
2018-10-02T00:13:14.000000Z,9,1,-89.66666666666667,7.489428571428571,1.6492857142857145
2018-10-02T00:13:14.000000Z,9,2,-98.0,7.489428571428571,1.6492857142857145
2018-10-02T00:13:14.000000Z,9,13,-81.0,7.489428571428571,1.6492857142857145
